,Product,price,sales,province
0,🌱เมล็ดพันธุ์มะเขือเทศเชอรี่กลม🌱 30 เมล็ด  5️⃣เเถม1️⃣คละได้  ],8,38000,จังหวัดนนทบุรี
1,มะเดื่อฝรั่ง สายพันธ์ Bordissot Rossa พันธ์จากประเทศสเปน รสชาติหวานอร่อยมากๆ ต้นสวยงาม แข็งแรง รากแน่น พร้อมปลูก!!!,480,13,จังหวัดนครปฐม
2,ผลิตภัณฑ์ใหม่ เมล็ดพันธุ์ ผักซอง ศรแดง มะเขือเปราะ ลูกผสม เขียวมณี #014 เมล็ดพันธุ์ เมล็ดพันธุ์ลูกผสม เมล็ดพันธ คล/ขาย H,10,0,จังหวัดกระบี่
3,ผลิตภัณฑ์ใหม่ เมล็ดพันธุ์ จุดประเทศไทย ❤พะยูงไหหลำ (ชุด 10 ต้น)เมล็ดอวบอ้วน 100% รอคอยที่จะให้ความสนใจของคุณ JNL ค/เมล็ด,39,0,จังหวัดกระบี่
4,เมล็ด ผักบุ้ง อินทรีย์ เมล็ดพันธุ์คุณภาพสูงในสต็อกในประเทศไทย พร้อมส่งถั่วพูยักษ์ สีม่วงถูกที่สุด 19 บ.ฝักให คละ สวนครัว,12,0,จังหวัดนราธิวาส
5,"ตะกร้อหมาน Power Hook ตะกร้อมะเฟืองวิ่งเปล่า"" ตกปลาบึก""",240,2,จังหวัดสุพรรณบุรี
6,*ถูกสุด*พร้อมส่ง ตะกั่วทรงมะเฟือง,15,2000,จังหวัดปทุมธานี
7,กลีบมะเฟืองเงิน กลีบมะเฟืองทอง Parodia Magnifica,50,0,จังหวัดกาญจนบุรี
8,น้ำยาล้างจานมะเฟือง Star Fruit Dish-washing Liquid ภัทรพัฒน์ 220มล.,22,32,จังหวัดกรุงเทพมหานคร
9,สมุนไพรบำรุงหน้า ผงถั่วเขียว/มะเฟือง ชุด พอก ขัด นวดใน1ชุดมีถั่วเขียวบด และน้ำเอนไซม์มะเฟือง,119,3,จังหวัดกรุงเทพมหานคร
10,(yinggy) กระบองเพชรไม้ลำ แคคตัส cactus Notocactus magnificus/โนโตแคคตัส แมกนิฟิคัส/แคคตัส กลีบมะเฟือง/บอลลูนแคคตัส,55,275,จังหวัดนนทบุรี
11,ชุดสมุนไพรสวนปานะ ถั่วเขียว 60 g +มะเฟือง 100 ml,70,175,จังหวัดสมุทรสาคร
12,น้ำหมักชีวภาพมะเฟืองปฐม250มล.,49,30,จังหวัดกำแพงเพชร
13,ต้นมะเฟืองหวาน ผลใหญ่รสหวาน แบบเสียบยอด,100,2,จังหวัดสกลนคร
14,รางปืนยิงปลากลม (ทรงมะเฟือง) ทำจากอลูมิเนียมชุบแข็ง ยาว 120 เซน กว้าง 22 มิล ร่องลูกดอก 4-5 มิล (รางเปล่าแบบไม่แจะ),500,0,จังหวัดตาก
15,ตะกั่วมะเฟือง ตะกั่วตกปลา 80g 1 โล ราคาถูก น้ำหนัก ขนาด มาตรฐาน ตะกั่วฟิวตกปลา ตะกั่วเท็กซัส ตะกั่วตกเบ็ด ยกโล,80,25,จังหวัดกรุงเทพมหานคร
16,"หัวเชื้อน้ำหมักมะเฟือง น้ำหมักผลไม้ น้ำหมักธรรมชาติ หัวเชื้อน้ำยาซักล้างเอนกประสงค์ ขนาด 1,000 ml. (1ลิตร)",50,25,จังหวัดบุรีรัมย์
17,"สบู่มาดามเฮง✨สบู่ไหว้พระจันทร์,สบู่สมุนไพรมะเฟืองแท้,สบู่หอม เค โคปาคาบาน่า สูตรวิตามินซี,สบู่สมุนไพรฝรั่งแท้✨ขายเป็นก้อ",28,1,จังหวัดนนทบุรี
18,โลชั่นมะเฟือง STAR FRUIT BODY LOTION Brightening ภัทรพัฒน์ 300ml.,200,4,จังหวัดกรุงเทพมหานคร
19,ต้นมะเฟือง เพาะเมล็ด สูง 20 เซน เสียหายเคลมฟรี,35,8,จังหวัดพิษณุโลก
20,ผลิตในไทย ส่งไว ตะกั่วทรงมะเฟือง ตกปลา ขนาดน้ำหนัก 20-30-40 กรัม บรรจุ 1กิโลกรัมเต็ม บรรจุในกระปุกพลาสติก,45,81,จังหวัดเพชรบูรณ์
21,ตะกั่วมะเฟือง ตะกั่วตกปลา 30g 1 โล ราคาถูก น้ำหนัก ขนาด มาตรฐาน ตะกั่วฟิวตกปลา ตะกั่วเท็กซัส ตะกั่วตกเบ็ด ยกโล,80,17,จังหวัดกรุงเทพมหานคร
22,รางกลมมะเฟืองยาว​130​เซนติเมตร​,890,5,จังหวัดปทุมธานี
23,Munich Play - เต่ามะเฟือง ขนาด 15.00 CM (จากหาดใหญ่),230,3,จังหวัดสงขลา
24,หน้าไม้ ทรงมือสอดไม้ยางนา มีให้เลือก 2 ราง 1.รางเอกซ์ 2.รางมะเฟือง แถมอุปกรณ์ พร้อมใช้งาน,1398,29,จังหวัดอุดรธานี
25,ตะกร้อ ตะกร้อมะเฟือง ตะกร้อปลาบึก ตะกร้อวิ่ง ตะกร้อตะกั่ว อัพเดท 4/65,30,22000,จังหวัดกรุงเทพมหานคร
26,หัวเชื้อน้ำหมักมะเฟือง น้ำหมักผลไม้ น้ำหมักธรรมชาติ หัวเชื้อน้ำยาซักล้างเอนกประสงค์ ขนาด 600 ml.,25,24,จังหวัดบุรีรัมย์
27,เครื่องทำขนมไข่ลายมะยม/มะเฟือง NP-522 (Cake cooker machine),6999,2,จังหวัดกรุงเทพมหานคร
28,กลีบมะเฟือง แคคตัส Parodia Magnifica กระถาง 2 นิ้ว 🔥โปร 10 แถม1🔥,25,99,จังหวัดระยอง
29,ผลิตในไทย ส่งไว ตะกั่วทรงลูกปืน ทรงมะเฟือง ตกปลา ขนาดน้ำหนัก 5-10-15-20-25-30-40 กรัม บรรจุ 1กิโลกรัม บรรจุกระปุกพลาสติก,124,218,จังหวัดเพชรบูรณ์
30,ตะกั่วมะเฟือง ตะกั่วตกปลา น้ำหนักเม็ดละ 30 กรัม 40กรัมและ 50 กรัม,55,370,จังหวัดตรัง
31,ชุดเตาขนมไข่ลายรวมรุ่นฐานจานC30พร้อมใช้งาน พิมพ์12นิ้ว 20ดอก ขนาดมะเฟือง5ซม/2นิ้ว มะยม5ซม/1.5นิ้ว พิมพ์ขนมเหล็กขนาด12นิ้,2190,1,จังหวัดกาฬสินธุ์
32,ตะกั่วตกปลา ทรงมะเฟือง ขนาด 30/40/50 กรัม,20,849,จังหวัดลพบุรี
33,แคคตัส อิชินอปซิส/แคคตัสกลีบมะเฟืองทอง/ม้าลายฮาโวเทีย ทรงสวย ฟอร์มดี มีหลากหลายขนาดเลือกได้จากรูปเลยค่ะ ถ่ายจริงจากต้นคะ,120,3,จังหวัดกรุงเทพมหานคร
34,รางปืนยิงปลา (พร้อมเจาะปีก-ไก) ทรงมะเฟืองสีเงิน ความยาวราง 120 เซนติเมตร,390,18,จังหวัดตาก
35,ต้นพันธุ์มะเฟืองยักษ์ สูง 40-50 ซม.,63,110,จังหวัดสกลนคร
36,หัวขูดมะพร้าวไฟฟ้า แบบหัวตะปูและกลีบมะเฟือง,260,24,จังหวัดกรุงเทพมหานคร
37,"ตะกั่วตกปลา ตะกั่วทรงมะเฟือง ตะกั่วตกปลา 20g, 30g, 40g, 50g, อุปกรณ์ตกปลา พร้อมส่ง",80,7,จังหวัดยะลา
38,ตะกั่วมะเฟือง ตะกั่วตกปลา 40g 1 โล ราคาถูก น้ำหนัก ขนาด มาตรฐาน ตะกั่วฟิวตกปลา ตะกั่วเท็กซัส ตะกั่วตกเบ็ด ยกโล,80,2,จังหวัดกรุงเทพมหานคร
39,พิมพ์ขนมไข่ เหล็กหล่อ เผาแล้วพร้อมใช้งาน ขนาด 20 หลุม พิมพ์มะเฟือง ขนมไข่ พิมพ์ขนม พิมพ์เหล็กหล่อ ไร้สารเคมีเคลือบผิว,330,28,จังหวัดสมุทรปราการ
40,น้ำชีวภาพมะเฟือง ปริมาณสุทธิ 300 cc,60,91,จังหวัดกรุงเทพมหานคร
41,ตะกั่ว มะเฟือง ตะกั่วลูกปืน  20/40/70/100/140 กรัม,60,25,จังหวัดระนอง
42,"ต้นมะเฟือง/ไม้ให้ร่มเงาผลดกรสเปรี้ยวมีวิตามินซี,ช่วยสร้างภูมต้านทานลดไขมันในเลือด",40,67,จังหวัดสกลนคร
43,⭐️โลชั่นมะเฟือง รักษ์สมุนไพรไทย⭐️,42,208,จังหวัดกรุงเทพมหานคร
44,แคคตัสกลีบมะเฟือง กระบองเพชร,35,1,จังหวัดกรุงเทพมหานคร
45,กลีบมะเฟืองด่างแคคตัส พร้อมส่ง9-10ซม,299,2,จังหวัดเชียงราย
46,สมุนไพร รากมะเฟือง อบแห้ง อย่างดี 200กรัม,45,1,จังหวัดสงขลา
47,กลีบมะเฟืองทอง ดอกสีเหลือง ต้นใหญ่มากสุดคุ้มมากมาย,39,1,จังหวัดสงขลา
48,ตะกั่วตกปลา ทรงหัวกระสุน ทรงลูกปืน + ทรงมะเฟือง ขนาด 30 กรัม ( SET 10 ลูก),70,39,จังหวัดสกลนคร
49,ตะกั่วมะเฟือง ตะกั่วตกปลา 50g 1 โล ราคาถูก น้ำหนัก ขนาด มาตรฐาน ตะกั่วฟิวตกปลา ตะกั่วเท็กซัส ตะกั่วตกเบ็ด ยกโล,80,8,จังหวัดกรุงเทพมหานคร
50,ตะกั่ว ตะกั่วทรงมะเฟือง ตะกั่วตกปลา 20g/30g ตะกั่วมะเฟือง ตกปลา อุปกรณ์ตกปลา,20,491,จังหวัดชลบุรี
51,โลชั่นมะเฟือง คุ้มเกล้า45ml/รักษ์สมุนไพรไทย60มล. โทนเนอร์ เอ็นไซม์มะเฟือง  โลชั่นเช็ดเครื่องสำอาง,43,23000,จังหวัดกรุงเทพมหานคร
52,สบู่แนชเชอรัลโซป - กลิ่นมะเฟือง - Saboo Natural Soap - Star Fruit,65,6,จังหวัดปทุมธานี
53,ชุดโทนเนอร์มะเฟืองถั่วเขียว,50,40,จังหวัดกำแพงเพชร
54,เจลล้างหน้า มะเฟืองผสมน้ำผึ้ง (สูตรไร้ประจุ) 100 มล.,84,296,จังหวัดกรุงเทพมหานคร
55,ต้นมะกอกน้ำ ออกลูกไวมาก 🎉ต้นแข็งแรง ระหว่างขนส่งสินค้าเสียหาย ทางร้านรับผิดชอบทุกรณีจ้า,78,132,จังหวัดพิษณุโลก
56,✨️สารสกัดมะเฟือง✨️ Star Fruit Extract ขนาด 30 ml. สารสกัดธรรมชาติ สารสกัดสมุนไพร,45,84,จังหวัดบุรีรัมย์
57,（คุณภาพสูง เมล็ด）100เมล็ด เมล็ดพันธุ์ กาบหอยแครง พืช​กิน​แมลง ​ กับดักงับแมลง ต้นไม้กินแมลง ก/ง่าย ปลูก สวนครัว /สวนครัว,43,0,จังหวัดกระบี่
58,เเตงร้านลูกผสม บิ๊กกรีนพลัส F1 ตราศรเเดง ขนาด 100 กรัม,645,1,จังหวัดสกลนคร
59,ผลิตภัณฑ์ใหม่ เมล็ดพันธุ์ สปอตสินค้า❤เมล็ดมะระขี้นก ไซเบอร์ ปริมาณ20กรัม เมล็ดอวบอ้วนมะระขี้นก เมล็ดอวบอ้วนผัก เ ค/เมล็ด,93,0,จังหวัดกระบี่
60,♻ตะกั่วตีหน้าดิน ทรงมะเฟือง ทรงลูกปืน♻ มีให้เลือกหลายขนาด,5,753,จังหวัดนครราชสีมา
61,ตะกั่วมะเฟือง 20g/30g/40g,25,14000,จังหวัดชลบุรี
62,ตะกั่วตกปลา ตะกั่วมะเฟือง 20g/30g/40g คละไซส์แจ้งทางแชทได้ค่ะ ยกโล 130 บาท,126,57,จังหวัดระยอง
63,🌳ต้นพันธุ์มะเฟืองหวาน แท้💯%,170,1,จังหวัดสกลนคร
64,ตะกร้อมะเฟืองวิ่ง พลาสติก/ พลาสติกไส้ตะกั่ว,8,23000,จังหวัดกรุงเทพมหานคร
65,หน้าไม้ ทรงกำคอซีแซด ไม้ยางนา มีให้เลือก 2 ราง 1.รางเอกซ์ 2.รางมะเฟือง แถมอุปกรณ์ พร้อมใช้งาน,1398,1,จังหวัดอุดรธานี
66,รางยิงปลา รางมะเฟือง (ทรงกลม),350,3,จังหวัดตาก
67,L32 หน้ามือสอด ไม้สัก รางมะเฟือง 120ซม. ปีกเหล็ก  พร้อมอุปกรณ์ครบชุด,1590,2,จังหวัดปทุมธานี
68,[ ลด 40.- ใส่โค้ด SG40NOV ] ตะกร้อมะเฟืองวิ่งตะกั่ว ปูแดง สำหรับตกปลาหน้าดิน ปลาบ่อฟิชชิ่งปาร์ค,14,880,จังหวัดกรุงเทพมหานคร
69,ตะกั่วตกปลา (ตะกั่วมะเฟือง)(ตะกั่วจรวด)(ตะกั่วหมวก)(3g-80 g),15,20,จังหวัดเลย
70,"[ถูกที่สุด]แคคตัสกลีบมะเฟืองฟอร์มกอ ""Parodia magnifica"" cactus succulent กระบองเพชร ไม้อวบน้ำ พืชประดับ",229,3,จังหวัดบึงกาฬ
71,หน้าไม้ยิงปลาบนบก พันท้ายขั้นเทพรางมะเฟือง120 อุปกรณ์ครบพร้อมยิง (กำคอไม้สน),1199,0,จังหวัดตาก
72,ตะกั่วตกปลา ทรงหัวกระสุน ทรงลูกปืน + ทรงมะเฟือง ขนาด 50 กรัม ( SET 10 ลูก),95,25,จังหวัดสกลนคร
73,ต้นกระบองเพชร กลีบมะเฟือง ไม้เพาะเมล็ดทุกต้น Porodia magnifica #cactus #แคสตัส,280,65,จังหวัดเชียงใหม่
74,ตะกั่วมะเฟือง ตะกั่วตกปลา ทรงมะเฟือง ลูกตะกั่วถ่วงน้ำหนัก สำหรับตกปลาหน้าดิน ตกปลาแม่น้ำ (1ลูก),7,88,จังหวัดกาญจนบุรี
75,"ตะกั่วทรงมะเฟือง,ทรงลูกปืน,ตะกั่วโอ่ง,ตะกั่ว3เหลี่ยม",20,147,จังหวัดระยอง
76,ต้นมะเฟืองเปรี้ยวแบบเสียบยอด,100,5,จังหวัดสกลนคร
77,มี 5 สูตร สบู่มะเฟือง นมข้าว ขมิ้น มะขาม มะละกอ สบู่กาลอง Galong Whitening Carambola Soap 150 กรัม,26,39000,จังหวัดสมุทรปราการ
78,L32 หน้าไม้มือสอด ไม้สัก รางอลูมิเนียมมะเฟืองสีดำ  ปืนยิงปลา  พร้อมอุปกรณ์ครบชุด,1590,165,จังหวัดปทุมธานี
79,⭐️ โลชั่นมะเฟือง รักษ์สมุนไพรไทย 60 ml. ⭐️,43,197,จังหวัดกรุงเทพมหานคร
80,"ตะกั่วทรงมะเฟือง ตะกั่วตกปลา ตะกั่วตกปลา 20g, 30g, 40g, 50g, อุปกรณ์ตกปลา พร้อมส่ง",80,5,จังหวัดยะลา
81,เครื่องขูดมะพร้าว หัวมะเฟืองสแตนเลส   พร้อมมอเตอร์ เหล็กหนา 1.6mm.,1332,5,จังหวัดปัตตานี
82,(หนา)พิมพ์/ถ้วยจีบอลูมิเนียม พิมพ์ขนม แม่พิมพ์ขนม พิมขนมมะเฟือง พิมพ์ประคอง,35,17,จังหวัดกรุงเทพมหานคร
83,โทนเนอร์มะเฟือง โทนเนอร์บริสุทธิ์ ปราศจากสารเคมี ช่วยขจัด สิว ฝ้า และ จุดด่างดำ ความหมองคล้ำและริ้วรอย ช่วยให้หน้าใส,89,25,จังหวัดสมุทรปราการ
84,ต้นมะเฟืองหวาน ผลใหญ่ รสหวานฉ่ำ ต้นพันธุ์เสียบยอดสูง 40-50 ซม.ปลูกง่าย โตเร็ว 1 ปีติดผล รับประกันพันธุ์แท้ 100%,135,1,จังหวัดเชียงราย
85,ต้นมะเฟืองหวาน มะเฟืองหวาน ทาบกิ่ง,120,7,จังหวัดปราจีนบุรี
86,มะเฟืองเปรี้ยว (1ชุด2ต้น)ขนาดต้น 40 ซม.,180,3,จังหวัดพิษณุโลก
87,ชีววิถี เซรั่มบำรุงผิวหน้ามะเฟือง คาแรมโบร่าสปอร์ตเซรั่ม Bio Way Carambola sports serum 30 ml.,159,26,จังหวัดกรุงเทพมหานคร
88,พิมพ์ขนมไข่ พิมพ์ขนมครกสิงคโปร์ พิมพ์มะยม พิมพ์มะเฟือง พิมพ์ขนมไทย พิมพ์ขนม พิมพ์ขนมเขียว,289,14,จังหวัดสมุทรปราการ
89,ต้นมะเฟืองหวาน (มาเลฯ) รสชาติหวานหอม ผลใหญ่ ลกดก สูง 60-70 cm. (1ต้น/แพ็ค),250,1,จังหวัดพัทลุง
90,พิมพ์ขนมไข่อลูมิเนียม ลายมะเฟือง,750,9,จังหวัดกรุงเทพมหานคร
91,พิมพ์ขนมไข่อลูมิเนียมเล็ก 7.5 นิ้ว มะเฟือง,185,158,จังหวัดประจวบคีรีขันธ์
92,ตะกั่วตกปลา ทรงมะเฟือง อุปกรณ์เสริมเครื่องมือตกปลารูปทรงหยดน้ําอุปกรณ์เสริมสําหรับตกปลา,11,31,ต่างประเทศ
93,เตาขนมไข่แก๊สมีแบบ1และ2ลาย มะเฟือง มะยม และมีแบบดอกใหญ่ให้เลือก ทำจากสแตนเลส พิมพ์อลูมิเนียม อบขนมง่ายสุกทั่วถึงสวยงาม,3519,31,จังหวัดกรุงเทพมหานคร
94,ตะกั่วตกปลา ทรงมะเฟือง ขนาดมาตรฐาน 60 กรัม 3 ลูก 70 กรัม 3 ลูก 80 กรัม 2 ลูก 90 กรัม 2 ลูก 100 กรัม 2 ลูก พร้อมส่งทุกขนา,35,3,จังหวัดกรุงเทพมหานคร
95,รางมะเฟือง OK  ขนาด 120 CM.  อุปกรณ์ฺสำหรับหายิงปลา,329,17,จังหวัดปทุมธานี
96,กระถางเซรามิค กระถางแคคตัส ทรงมะเฟืองเคลือบผิวทราย กว้าง4.5นิ้ว สูง3.6นิ้ว พร้อมจานรอง,69,17,จังหวัดลำพูน
97,ตะกั่วตกปลา ทรงหัวกระสุน ทรงลูกปืน + ทรงมะเฟือง ขนาด 40 กรัม ( SET 10 ลูก),85,13,จังหวัดสกลนคร
98,พวงกุญแจพวงกุญแจการ์ตูน✠✓♚การ์ตูนน่ารักพวงกุญแจผลไม้ลิ้นจี่มะม่วงแตงโมมะเฟืองสับปะรดมะนาวสร้างสรรค์กระเป๋านักเรียนจี้ของ,42,5,จังหวัดกรุงเทพมหานคร
99,เครื่องขูดมะพร้าว หัวมะเฟืองไม้   พร้อมมอเตอร์ เหล็กหนา 1.6mm.,1299,3,จังหวัดปัตตานี
100,โทนเนอร์มะเฟือง 250 ml. (ขวดใหญ่),67,413,จังหวัดกรุงเทพมหานคร
101,"PAPA baby แปรงล้างขวดนมหัวมะเฟืองสีชมพู,เขียวและฟ้า(เลือกสีได้) แพ็ค 1ด้าม",44,44,จังหวัดพิษณุโลก
102,โทนเนอร์ - Toner - Smooth e - Provamed acni clear - โทนเนอร์สิว - Sensitive - Eucerin - มะเฟือง - Neutrogena toner,150,8,จังหวัดกรุงเทพมหานคร
103,(ยกกล่อง6ซอง)Nami I’m Fresh Natural Aha Peeling Gel 7g นามิ แอม เฟรช เนเชอรัล เอเอชเอ ฟีลลิ่ง เจลมะนาว มะเฟือง.,138,56,จังหวัดนครปฐม
104,ต้นมะเฟืองเปรี้ยว พร้อมปลูก โตเร็ว ติดผลดกมาก สูง25-30ซ.ม,35,6,จังหวัดสกลนคร
105,สารสกัดมะเฟืองStar Fruit Extract| สารสกัดสมุนไพร | สำหรับผสมเครื่องสำอางเท่านั้น,55,26,จังหวัดชลบุรี
106,BG บีจี แปรงล้างขวดนมหัวมะเฟือง,45,654,จังหวัดกรุงเทพมหานคร
107,โทนเนอร์เช็ดฝ้ามะเฟือง น้ำหมักสมุนไพรชีววิถี แพ็คคู่ 85 บาท (ขวดละ 100 มล) ล๊อตใหม่,85,192,จังหวัดนครปฐม
108,[ ค่าส่งถูก ] Bancream โทนเนอร์ มะเฟือง 100 ml. (วิตามินซีสูง) Star Fruit Toner บ้านครีม,139,493,จังหวัดกรุงเทพมหานคร
109,ปืนยิงปลาบนบก พันท้ายมือสอดไม้ประดู่ B3 สีโอ๊ค รางกลม ทรงมะเฟือง 120 เซนติเมตร ไกเซฟ เลือกปีกได้ (อุปกรณ์ครบพร้อมใช้งาน),2499,2,จังหวัดตาก
110,สื่อการสอนสมุดมะเฟือง สมุดทำมือ,25,34,จังหวัดกาญจนบุรี
111,กระบองเพชร แคคตัส (Cactus) กลีบมะเฟือง (Parodia magnifica)🌵 ขนาดกระถาง 2.5 นิ้ว จัดส่งทั้งกระถาง,45,7,จังหวัดพะเยา
112,ตะกร้อวิ่ง ตะกร้อตกปลา ตะกร้อตะกั่ว ตะกร้อวิ่ง ตะกร้อมะเฟือง ตะกร้อวิ่งมะเฟือง ตะกร้อวิ่งหัวตะกั่ว อุปกรณ์ปลายสาย,16,206,จังหวัดมหาสารคาม
113,เคสหนังหุ้มแก๊สซาลาเปา ทรงมะเฟือง หนังฟอกฝาดอิตาลี ขนาด 230-250g.,690,46,จังหวัดกรุงเทพมหานคร
114,📌ของแท้ สบู่มาดามเฮง (3 ก้อน) ลดฝ้า กระ สบู่มะเฟืองแท้ 120 กรัม,100,479,จังหวัดนนทบุรี
115,⭐️ น้ำหมักชีวภาพ มะเฟือง 250 ml. ⭐️,55,261,จังหวัดกรุงเทพมหานคร
116,ตะกั่วตกปลา ทรงมะเฟือง 20g 30g 40g 50g น้ำหนัก ขนาด มาตรฐาน ตะกั่วฟิวตกปลา ตะกั่วเท็กซัส,20,17,จังหวัดกรุงเทพมหานคร
117,แม่ใหญ่สมุนไพร โลชั่นมะเฟืองสดผสมขมิ้นชัน,47,58,จังหวัดกรุงเทพมหานคร
118,🌿ชีวาร์ Chewa🌿เจลล้างหน้าว่านหางจรเข้และสารสกัดจากมะเฟือง AHA จากธรรมชาติให้ความกระจ่างใส,159,4,จังหวัดกรุงเทพมหานคร
119,🌈น้ำหมักชีวภาพ มะเฟือง ขจัดสิวฝ้า🌈,55,224,จังหวัดกรุงเทพมหานคร
