,topic,detail,link
0,มะเฟืองน้ำปลาหวานอร่อย,มะเฟืองผลไม้ที่มีรสเปรี้ยวหวาน  ผลไม้หาง่าย  มะเฟืองหาซื้อได้ตามตลาดสด  ตลาดนัด  หรือถ้าที่บ้านมีพื้นที่เยอะจะปลูกต้นมะเฟืองไว้ที่บ้านก็ได้  รอเวลาให้ต้นมะเฟืองโตแล้วออกผลมะเฟือง  เก็บผลมะเฟืองมากิน  หรือถ้ามะเฟืองออกผลมากพอสามารถเอาผลมะเฟืองไปขายได้  เป็นการหารายได้เสริม  มะเฟืองเป็นผลไม้กินเล่น  ล้างมะเฟืองด้วยน้ำเปล่าให้สะอาดแล้วกินได้เลย  ไม่ควรซื้อมะเฟืองมาตุนไว้เยอะๆ  ควรซื้อแค่พอกิน  เพราะการเก็บมะเฟืองไว้นานๆจะทำให้มะเฟืองเน่าเสียได้  พ่อค้าแม่ค้าเอามะเฟืองมาหั่นให้เป็นชิ้นเล็กๆแล้วใส่ถุงจิ้มพริกเกลือขาย  ราคาไม่แพง  กินมะเฟืองแล้วรู้สึกสดชื่นเพราะมะเฟืองมีน้ำเยอะ  อีกหนึ่งเมนูที่นักเขียนแนะนำ  มะเฟืองน้ำปลาหวานอร่อย  เลือกมะเฟืองสดๆ  ไม่เน่าไม่เสีย  น้ำตาลทรายไม่หมดอายุ  กะปิไม่หมดอายุ  พริกป่นไม่ขึ้นรา  น้ำปลาไม่หมดอายุ  หัวหอมแดงสดๆ  ไม่เน่า  ไม่เสีย  มาดูวิธีทำกัน วัตถุดิบ  1.มะเฟือง2ผล2.น้ำตาลทราย4ช้อนโต๊ะ3.น้ำปลา3ช้อนโต๊ะ4.กะปิ1/2ช้อนโต๊ะ5.พริกป่น1/2ช้อนโต๊ะ6.หัวหอมแดง1หัว วิธีทำ1.ล้างมะเฟือง2ผลด้วยน้ำเปล่าให้สะอาด  หั่นมะเฟือง2ผลเป็นชิ้นเล็กๆใส่จานไว้ 2.ใส่น้ำตาลทราย4ช้อนโต๊ะลงไปในชาม  ใส่กะปิ1/2ช้อนโต๊ะลงไปในชาม  ใส่พริกป่น1/2ช้อนโต๊ะลงไปในชาม  ปอกเปลือกหัวหอมแดง1หัวแล้วล้างหัวหอมแดงด้วยน้ำเปล่าให้สะอาด  หั่นหัวหอมแดงให้เป็นชิ้นเล็กๆแล้วใส่หัวหอมแดงที่หั่นเป็นชิ้นเล็กๆลงไปในชาม  ใส่น้ำปลา3ช้อนโต๊ะลงไปในชาม  คนให้ส่วนผสมเข้ากัน   3.มะเฟืองน้ำปลาหวาน 4.เอามะเฟืองจิ้มลงไปในชามน้ำปลาหวาน มะเฟืองน้ำปลาหวานรสชาติอร่อย  มะเฟืองฉ่ำน้ำ  มะเฟืองมีน้ำเยอะ  กินคู่กับน้ำปลาหวานอร่อยดี  มะเฟืองน้ำปลาหวานจะกินให้อร่อยต้องแช่เย็นไว้ในตู้เย็นประมาณ2ชั่วโมง  มะเฟืองน้ำปลาหวานกินคู่กับน้ำเปล่าใส่น้ำแข็งเย็นๆอร่อยสดชื่น  มะเฟืองน้ำปลาหวานเป็นอาหารกินเล่น  ช่วงไหนที่รู้สึกเหนื่อยๆ  รู้สึกเพลีย  เอามะเฟืองน้ำปลาหวานมากินก็อร่อยดี  รสชาติแซ่บๆของมะเฟืองน้ำปลาหวานช่วยทำให้หายเหนื่อย  แก้เลี่ยนได้  มะเฟืองมีวิตามินซีสูงช่วยให้ผิวพรรณสวยสดใส  มะเฟืองช่วยแก้กระหายน้ำคอแห้งได้  แก้เลือดออกตามไรฟัน ภาพทั้งหมดโดยนักเขียนห้องส่องร้านดังมาแรง รวมของกินอร่อยต้องโดน บอกสูตรเมนูลับที่ไม่ลับอีกต่อไป,https://food.trueid.net/detail/YM2YVrQ7oOoR
1,"รู้จัก ""มะเฟือง"" ให้มากขึ้น กินมะเฟืองแล้วตายจริงหรือ","     Star fruit หรือ มะเฟือง ในผลไม้ก็มีทั้งประโยชน์ และโทษค่ะ รู้ก่อน ก็จะได้ป้องกัน กันก่อนนะวันนี้เราจะมาทำความรู้จักกับมะเฟืองให้มากขึ้น

จริง ๆ แล้วคนส่วนหนึ่งจะคิดว่าทานมะเฟือง จะทำให้เสียชีวิตได้ ก็เป็นไปได้ค่ะ เช่นผู้ที่ป่วยเป็นโรคไต ถ้าทานในปริมาณที่เยอะ และมีอาการ ขาดน้ำก็มีโอกาศที่จะไปตกตะกอน ในท่อไต ไปอุดตัน ทำให้ไตไม่ทำงาน ก็อาจจะมีคนปกติ หรือคนที่มีโรคไตเรื้อรังที่ยังไม่ถึงขั้นสุดท้าย แต่สำหรับคนที่มีโรคไตขั้นสุดท้าย มะเฟืองก็อาจจะมีสารอื่น ซึ่งไตไม่สามารถขับออกมาได้ ก็อาจจะสะสมและไปกระตุ้นสมอง โดยเฉพาะคนเป็นโรคไตที่ต้องฟอกเลือด หรือล้างหน้าท้อง ทานมะเฟืองเพียงไม่กี่ลูก ก็อาจมีอาการ ชักหรือตายได้ คนที่ไม่มีโรคไต หรือคนปกติทานมะเฟืองได้ แต่ถ้าทานมากหลาย ๆ ลูก โดยเฉพาะมะเฟืองเปรี้ยวก็มีความเสี่ยง แต่ถ้าทานมะเฟืองที่เป็นแว่น ๆ นิด ๆ หน่อย ๆ ก็ไม่น่าวิตกกังวลอะไรค่ะส่วนสตรีมีครรภ์ไม่ควรรับประทาน มะเฟือง ในปริมาณมาก ๆ ด้วยเช่นกัน เพราะจะทำให้แท้งลูกได้ เพราะมะเฟืองเป็นยาขับเลือด ทำให้เลือดจาง ทานได้แต่ทานในปริมาณที่ พอเหมาะ

ภาพจาก https://bit.ly/32NDJvl

นิ่วที่เกิดจากมะเฟือง ( Star fruit ) 

เนื่องจาก ปริมาณของกรดออกซาเลต จะมีสูงในมะเฟือง ถ้าได้รับกรดออกซาเลต มาก ๆ เข้าก็อาจจะทำให้เป็นนิ่วได้ ซึ่งค่าเฉลี่ยออกซาเลตในมะเฟืองขนาด 100 กรัม ก็มีตั้งแต่ 10 - 5000 มิลลิกรัม แล้วแต่สายพันธุ์ของมะเฟือง นั้นเอง หรืออาจจะเพิ่มอาการเป็นนิ่วในทางเดินปัสสาวะ ถ้าได้รับสารนี้มาก ๆ ซึ่งถ้",https://women.trueid.net/detail/LZoGoKE50gEZ
2,น้ำมะเฟือง เมนูคลายร้อน แก้ง่วง,"น้ำมะเฟือง เมนูคลายร้อน แก้ง่วง



           มะเฟืองเป็นผลไม้อีกชนิดหนึ่ง  ผลไม้ชนิดนี้ ลักษณะเหมือนกระสวย รูปเหมือนดาวห้าแฉก ผลสีเขียว ผลสุกสีเหลือง รสชาติรสเปรี้ยวอมหวาน ผลมะเฟืองสุก มีวิตามินและแร่ธาตุหลายชนิด มีสรรพคุณ และมีประโยชน์ต่อร่างกาย มะเฟืองยังช่วยลดความร้อน ในร่างกายของเรา ได้ดีอีกด้วย สามารถจะทานสดๆก็ได้ หรือจะนำมาทำเป็นเครื่องดื่มเพื่อคลายร้อนก็อร่อย

         จากข้อมูลจาก บทความน้ำมะเฟืองพร้อมดื่ม สูตรของศูนย์วิจัยพืชสวนเพชรบุรี จาก เส้นทางเศรษฐีออนไลน์ โดย พานิชย์ ยศปัญญา ได้กล่าวไว้ว่า ""นักโภชนาศาสตร์ได้วิเคราะห์คุณค่าทางอาหารของมะเฟืองแล้วพบว่าอุดมไปด้วยวิตามินเอ วิตามินบี 1 วิตามินบี 2 ไนอะซีน โปรตีน คาร์โบไฮเดรต ไขมัน เส้นใย แคลเซียม ฟอสฟอรัส เหล็ก และพลังงาน ในปริมาณไม่น้อยเลยทีเดียว ดังนั้น คุณค่าของมะเฟืองตามสารอาหาร    ดังกล่าวก็จะเห็นว่า มะเฟืองหนึ่งผลนั้นสามารถที่จะช่วยเสริมสร้างกระดูกและฟันให้แข็งแรง ควบคุมการเต้นของหัวใจสม่ำเสมอ ควบคุมกล้ามเนื้อ ช่วยให้เลือดแข็งตัวง่าย แถมยังมีฤทธิ์กล่อมประสาท ช่วยระงับความฟุ้งซ่าน จึงช่วยให้นอนหลับง่ายขึ้นในผู้ที่มีปัญหาเรื่องการนอนไม่หลับ ส่วนน้ำมะเฟืองคั้นนั้น ตำรายาโบราณกล่าวว่ามีสรรพคุณในการแก้ร้อนใน ดับกระหาย ลดความร้อนภายในร่างกาย ถอนพิษก็ได้ เป็นยาขับเสมหะ ป้องกันโรคโลหิตจาง โรคเลือดออกตามไรฟัน รวมทั้งยังช่วยขับปัสสาวะ และบรรเทาอาการนิ่วในทางเดินปัสสาวะได้อีกด้วย"" 

           รู้อย่างนี้แล้วว่ามะเฟืองมีประโยชน์มากแค่ไหน ดังนั้นเรามาลองทำน้ำมะเฟืองดื่มกันดีกว่า



ส่วนผสมสำหรับทำน้ำมะเฟือง


	มะเฟืองสุกหั่นเป็นชิ้น 1,000  กรัม
	น้ำตาลทราย 500 กรัม
	เกลือป่น 1 ช้อนชา
	น้ำเปล่า 1 ลิตร


วิธีทำน้ำมะเฟือง


	นำมะเฟืองสุกสีเหลือง 5-6  ล้างน้ำให้สะอาด เฉือนขอบมะเฟืองออกเพื่อไม่ให้มีรสฝาด แล้วหั่นเป็นชิ้น
	จากนั้นนำเนื้อมะเฟืองที่หั่นไว้ไปปั่นโดยใส่น้ำเปล่าลงไป ปั่นให้ละเอียด จากนั้นนำมาคั้นและกรองเอาน้ำมะเฟือง จะได้น้ำมะเฟืองสีเหลืองที่มีรสเปรี้ยว
	ต้มน้ำเชื่อม วิธีทำน้ำเชื่อม ใส่น้ำเปล่า น้ำตาล เกลือป่นนิดหน่อย เคี้ยวจนได้รสชาติหวานกลมกล่อม
	นำน้ำมะเฟืองที่กรองไว้ไปผสมลงในน้ำเชื่อม ต้มต่อไปอีก 5 นาที รอเย็นกรอกใส่ขวดนำไปแช่ในตู่เย็น
	เวลารับประทานใส่น้ำแข็งในแก้วแล้วเทน้ำมะเฟืองที่ผสมไว้ลงในแก้วน้ำแข็ง รับรองใครได้ลองรับประทานติดใจแน่นอน รับรองว่าเมนูนี้ช่วยคลายร้อน หรือแก้ง่วงนอนได้ดีเลยทีเดียว


ข้อแนะนำ

ส",https://food.trueid.net/detail/aMjrpGlRE9pM
3,แม่เต่ามะเฟืองวางไข่ครั้งที่ 5 หาดท้ายเหมือง,นายหฤษฎ์ชัย ฤทธิช่วย หัวหน้าอุทยานแห่งชาติเขาลำปี-หาดท้ายเหมือง ได้รับรายงานจากเจ้าหน้าที่ชุดลาดตระเวนและสำรวจการขึ้นวางไข่ของเต่าทะเลว่าพบเต่ามะเฟืองกำลังวางไข่ในพื้นที่หน่วยพิทักษ์อุทยานแห่งชาติที่ ลป.3 หรือหน่วยปาง จึงเข้าตรวจสอบในพื้นที่ พบว่าจุดที่ขึ้นวางไข่อยู่ห่างจากที่ทำการอุทยานแห่งชาติไปทางทิศเหนือประมาณ 8 กิโลเมตร ที่พิกัด E414155 N940429 อยู่ห่างจากหลุมเดิมที่ขึ้นมาวางไข่เมื่อวันที่ 31 มกราคม 2564 ไปทางทิศเหนือ 1.3 กิโลเมตร วัดขนาดความยาวของพายหน้าขวาได้ 70 เซนติเมตร ความยาวพายหน้าซ้าย 90 เซนติเมตร ความยาวพายหลังขวา 45 เซนติเมตร ความยาวพายหลังซ้าย 50 เซนติเมตร ความยาวกระดอง 150 เซนติเมตร และความกว้างกระดอง 100 เซนติเมตร น้ำหนักประมาณ 350 กิโลกรัม อายุประมาณ 30 ปี พิจารณาแล้วพบว่าบริเวณหลุมไข่ที่แม่เต่าวางไข่ไว้อยู่เหนือจากแนวน้ำขึ้นสูงสุด จึงไม่ทำการย้ายไข่โดยจะปล่อยให้ไข่ได้ฟักตัวตามธรรมชาติซึ่งคาดว่าจะใช้ระยะเวลา 55-60 วัน ในเบื้องต้นได้ใช้คอกไม้ไผ่กั้นบริเวณหลุมไข่และจัดเจ้าหน้าที่เฝ้าระวังภัยคุกคามที่อาจจะเกิดขึ้น     นายหฤษฎ์ชัย ฤทธิช่วย หัวหน้าอุทยานแห่งชาติเขาลำปี-หาดท้ายเหมือง เปิดเผยว่า จากการตรวจสอบเบื้องต้นเจ้าหน้าที่เชื่อว่าแม่เต่ามะเฟืองที่ขึ้นวางไข่บริเวณอุทยานแห่งชาติเขาลำปี-หาดท้ายเหมือง เป็นตัวเดียวกับที่เคยวางไข่ครั้งแรกที่หาดกะตะ ตำบลกะรน อำเภอเมือง จังหวัดภูเก็ต ในช่วงต้นปีที่ผ่านมา จากนั้นได้ย้ายไปวางไข่ครั้งที่ 2 บริเวณหาดไม้ขาว อำเภอถลาง จังหวัดภูเก็ต ก่อนขึ้นวางไข่อีกครั้งที่อ่าวบางขวัญ ตำบลโคกกลอย อำเภอตะกั่วทุ่ง จังหวัดพังงา ต่อมาครั้งที่ 4 ได้ขึ้นวางไข่ที่อุทยานแห่งชาติเขาลำปี-หาดท้ายเหมือง เมื่อวันที่ 31 มกราคม 2564 ก่อนกลับมาวางไข่เป็นครั้งที่ 5 ในบริเวณใกล้เคียงอีกครั้งหนึ่งในวันที่ 7 กุมภาพันธ์ ที่ผ่านมานี้เกาะติดข่าวที่นี่website:www.TNNTHAILAND.comfacebook :TNNONLINEfacebook live :TNN Livetwitter :TNNONLINELine :@TNNONLINEYoutube Official :TNNONLINEInstagram :TNN_ONLINETIKTOK :@TNNONLINE,https://news.trueid.net/detail/PJpjrZMN94DR
4,นึกว่ารอยพญานาค!ที่แท้แม่เต่ามะเฟืองวางไข่,วันนี้ ( 28 ธ.ค. 63 )ศาสตราจารย์ ธรณ์ ธำรงนาวาสวัสดิ์ นักวิชาการด้านทะเลและสิ่งแวดล้อม โพสต์ภาพพร้อมข้อความระบุว่า เช้าๆ ใกล้ปีใหม่แบบนี้ จะมีอะไรดีไปกว่าภาพรอยเต่ายักษ์บุกหาดบางขวัญ ตําบลโคกกลอย อําเภอตะกั่วทุ่ง จังหวัดพังงาแม่เต่ามะเฟืองขึ้นมาวางไข่ รังที่ 12 เมื่อเช้าตรู่วันนี้ เลือกภาพนี้มาให้ดู เพราะมันสุดปัง รอยใหญ่จริงๆ ถ้าไม่บอกคิดว่าพญ,https://news.trueid.net/detail/A1wVPODEw6Y8
5,หาดูยาก! ดร.ธรณ์ โพสต์คลิปลูกเต่ามะเฟืองกินแมงกะพรุน,"วันนี้ (12 เม.ย.63) ผู้สื่อข่าวรายงานว่า ดร.ธรณ์ ธำรงนาวาสวัสดิ์ ผู้เชี่ยวชาญด้านนิเวศทางทะเล และรองคณบดีคณะประมง มหาวิทยาลัยเกษตรศาสตร์ ได้โพสต์คลิปที่หาชมได้ยากลงในเฟซบุ๊คส่วนตัว พร้อมระบุว่า คลิปนี้ได้มาจากรองอธิบดีกรมทรัพยากรทางทะเลและชายฝั่ง เป็นภาพลูกเต่ามะเฟือง 3 ตัว ตัวแรกชื่อเจน อีกสองตัวชื่อนุ่น และโบว์ กำลังว่ายน้ำเข้าไปกินแมงกะพรุน
ดร.ธรณ์ ระบุด้วยว่า ก่อนหน้านี้มีแม่เต่ามะเฟืองขึ้นมาวางไข่ 11 รัง ที่จังหวัดภูเก็ตและพังงา มีลูกเต่าฟักออกมาเกือบ 400 ตัว และมีลูกเต่าบางตัวที่ไม่แข็งแรง ทางกรมทรัพยากรทางทะเลและชายฝั่งจึงนำมาอนุบาลไว้ โดยใช้บ่อขนาดใหญ่บ่อเดียวกับที่เคยอนุบาล",https://news.trueid.net/detail/vrdkQm3mNRqa
6,ปลื้ม เต่าทะเลเกาะสมุยวางไข่ 14 รัง ชนะเต่ามะเฟืองอันดามัน,"ดร.ธรณ์ โพสต์ปลื้มเต่าทะเลเกาะสมุยวางไข่ 14 รังชนะเต่ามะเฟืองฝั่งอันดามัน ยกเป็นเต่าชุมชนสมุย
เมื่อวันที่ 12 มิถุนายน ดร.ธรณ์ ธำรงนาวาสวัสดิ์ ผู้เชี่ยวชาญด้านนิเวศทางทะเล และรองคณบดี คณะประมง มหาวิทยาลัยเกษตรศาสตร์ ได้โพสต์เฟซบุ๊กThon Thamrongnawasawat  ปลื้มใจที่เต่าทะเลขึ้นวางไข่บนเกาะสมุย จ.สุราษฎร์ธานี เป็นรังที่ 14 ยกเป็นเต่าชุมชนและแสดงความชื่นชมที่ชาวเกาะสมุยดูแลอย่างดี โดยระบุว่า หาดสวย สุ่มไก่ และเต่าชุมชน รัวๆ ครับเพื่อนธรณ์ ตอนนี้แม่เต่าที่เกาะสมุยวางไข่ 14 รัง เอาชนะแม่เต่ามะเฟืองแห่งอันดามันไปเรียบร้อย ที่ผมชอบมากคือเต่าเกาะสมุยเป็น #เต่าชุมชน เรียกว่าเต่าชุมชน เพราะแม่เต่าเหล่านี้สร้างความเปลี่ยนแปลงให้กับเกาะสมุย เพราะผลจากโควิด หาดสงบ แม่เต่าขึ้นมาวางไข่ 14 รัง ลูกเต่าลงทะเลไปแล้ว 269 ตัว ยังมีอีก 5 รังรอฟัก

ดร.ธรณ์ ระบุว่า หาดเกาะสมุยเป็นหาดสาธารณะ ไม่มีอุทยาน ชาวบ้านเจอเต่าเอง ช่วยกันดูแลเอง เพราะบางช่วงโควิดไม่มีเจ้าหน้าที่ภาพสุ่มไก่ครอบรังไข่เต่าบ่งบอกถึงความเป็นชุมชนของลูกเต่าเหล่านี้ น่ารักมากๆคนเกาะสมุยดูแลได้เยี่ยม ไม่มีรังเต่าไหนถูกขโมยไข่ ไม่มีรังไหนถูกทำลาย ไข่เต่าทุกใบปลอดภัยสุดๆ จนฟักเป็นตัว เกิดการตื่นตัวทั่วเกาะ ผู้คนออกมาทำความสะอาดชายหาดกันยกใหญ่

 เพราะเต่าชุมชนคือเต่าที่ชาวบ้านเจอเอง ฟูมฟักรักษากันเอง จนกลายเป็นเต่าน้อยเดินลงน้ำ ชาวบ้านย่อมรักเต่า โดยไม่ต้องไปรณรงค์ไปกระตุ้นจิตสำนึกอะไรกันให้มากมาย เพราะพวกเธอพวกเขาดูแลเต่ามาด้วยตัวเอง เหตุใดจึงไม่รัก เหตุใดจึงไม่ดูแลทะเลที่เต่าน้อยเพิ่งโบกครีบหยอยๆ อำลาลงน้ำไป เหตุใดถึงไม่ดูแลชายหาดให้สะอาด ? เต่าชุมชนเพียงไม่กี่ตัว จึงกลายเป็นที่มาของความเปลี่ยนบนเกาะสมุย เต่าเชื่อมสายสัมพันธ์คนกับทะเล ทำให้คนสมุยที่อยู่ใกล้ชิดทะเลอยู่แล้ว รักทะเลมากขึ้น ภูมิใจในทะเลของพวกเขามากขึ้น 

ดร.ธรณ์ ระบุอีกว่า เมื่อเช้าเพื่อนธรณ์รายงานว่า เดินไปตามหาดแหลมสอและพื้นที่ใกล้เคียงเกือบ 10 กิโลเมตร เธอแทบไม่เจอขยะเลยที่แพลนไว้ว่าจะจัดกิจกรรมเก็บขยะวันหยุดนี้ ต้องยกเลิก เพราะไม่มีขยะให้เก็บ

 ข่าวเต่าเกาะสมุยนอกจากดังทั่วไทย ยังเป็นข่าวในสื่อต่างชาติ กลายเป็นภาพลักษณ์ที่งดงามสำหรับการท่องเที่ยว new normal ไม่แออัด ไม่ทำร้ายธรรมชาติ สำหรับผม ถือว่าเกาะสมุยมาถูกทางมากๆ แล้ว และหวังว่าจะไปถูกทางต่อเรื่อยๆจะพยายามหาทางช่วยคนเกาะสมุยเท่าที่ทำได้ เพราะคนเกาะสมุยรักเต่ารักทะเล ใครรักเต่ารักทะเล อาจารย์ธรณ์รักคนนั้นครับ  ดร.ธรณ์ โพสต์ทิ้งท้าย
ผู้สื่อข่าวรายงานว่า การพบหลุมไข่เต่ารังที่ 14 ล่าสุดเมื่อเช้ามืดวันที่ 11 มิถุนายน 2563 มีชาวบ้านไปพบรอยเท้าเต่าทะเลขนาดใหญ่บริเวณชายหาดแหลมสอ หมู่ 5 ต.ตลิ่งงาม อ.เกาะสมุย เป็นหลุมรังไข่ขนาดใหญ่ที่มีรอยกลบทรายใหม่ๆ 1 หลุมอยู่ใกล้หลุมไข่เต่ารังที่ 11และ12 พบเมื่อวันที่ 3 มิถุนายนที่ผ่านมา คาดว่าน่าจะเป็นแม่เต่าตัวเดียวกัน ถือว่าเกาะสมุย มีแม่เต่าขึ้นมาวางไข่เต่ามากที่สุดในประเทศไทยและมากกว่ารังไข่เต่ามะเฟืองฝั่งอันดามันที่ จ.พังงาและจ.ภูเก็ต รวมกัน ซึ่งนายธีระพงศ์ ช่วยชู นายอำเภอเกาะสมุย พร้อมชาวบ้านในชุมชนได้นำตาข่ายมากั้นบริเวณรอบหลุมไว้เพื่อรอการฟักตัว",https://news.trueid.net/detail/W6bnyK09Rex6
7,ตะลิงปลิง  &  มะเฟือง  ผลไม้ต้องห้ามเป็นอันตรายสำหรับไต,"ตะลิงปลิง    มะเฟือง  ผลไม้ต้องห้ามเป็นอันตรายสำหรับไตของคุณ

                ตะลิงปลิง  และมะเฟือง  เป็นผลไม้ที่อยู่ในสกุลเดียวกัน  แต่ทั้งสองมีความแตกต่างกันดังนี้



                ตะลิงปลิง  เป็นผลไม้ที่มีใบคล้ายมะยมมากจนชวนสับสนเลยทีเดียว  ลักษณะเด่นของตะลิงปลิงคือรสเปรี้ยวนำโดด ๆ เจือความฝาดเล็กน้อย  มีเนื้อสัมผัสคล้ายกับมะเฟืองและมีผลอวบน้ำคล้ายกัน  ตะลิงปลิงเป็นพืชที่ให้ผลได้ตลอดปี  ปลูกใกล้กับพื้นที่อุ้มน้ำและมีแดดจัดจะได้ผลผลิตที่แน่นขนัดออกตามตาของต้นซึ่งมีลักษณะการออกผลเป็นช่อ  ผลของตะลิงปลิงสามารถรับประทานได้สด ๆ หรือจะนำไปประกอบอาหาร  คนโบราณมักนำตะลิงปลิงมาสับเป็นเส้น ๆ ใส่กับน้ำปลาพริกให้รสชาติอมเปรี้ยวหรือน้ำมาโคลกกับน้ำพริกแทนการใส่มะนาวก็ได้รสชาติที่ถูกปากในรูปแบบหนึ่งเช่นกัน



                มะเฟือง  มีลักษณะเด่นที่ผลรูปทรงสวยงาม  เมื่อตัดตามขวางจะได้รูปเป็นดาวห้าแฉก  มะเฟืองเป็นไม้ยืนต้นและให้ผลผลิตช่วงกันยายนแต่บางสายพันธุ์ก็ออกผลตลอดปี  ผลดิบมีสีเขียวและผลสุกจะมีสีเหลืองส้ม  รสชาติของมะเฟืองนั้นแตกต่างกันออกไปในแต่ละสายพันธุ์  บางชนิดเปรี้ยวจัด  บางชนิดหวาน  แต่จะมีรสเฝื่อนเล็ก ๆ เป็นเอกลักษณ์  มะเฟืองเองก็เป็นผลไม้ที่คนนิยมนำมาประกอบอาหารได้เช่นเดียวกับตะลิงปลิง  นำมาใส่ในแกงเรียกรสหวาน  หรือในน้ำปลาพริกเองก็สามารถนำมะเฟืองมาหั่นใส่  รับประทานกับพริก  หอม  กระเทียมในน้ำปลา  คู่กับข้าวสวย  ถือเป็นการทำเครื่องจิ้มง่าย ๆ ของคนสมัยโบราณที่ได้จากพืชผักผลไม้ที่นิยมปลูกกัน

                แม้ตะลิงปลิงและมะเฟืองจะมีประโยชน์ทั้งเป็นอาหารและยาในตัว  ช่วยรักษาโรคที่เด็ก ๆ มักเป็นกัน  เช่นไข้หวัด  ร้อนใน  โรคเลือดออกตามไรฟัน ฯลฯ  แต่ผลไม้ทั้งสองชนิดกลับมีกรดออกซาลิก (Oxalic  acid)สูง  ในมะเฟืองเปรี้ยวจะมีออกซาลิกสูงกว่ามะเฟืองหวาน  หากรับประทานตะลิงปลิงกับมะเฟืองมากไป  ออกซาลิกจะสะสมตกตะกอนภายในร่างกายของเราร่วมกับแคลเซียม  เมื่อเกินความจำเป็นของร่างกายก็จะไปสะสมอยู่ที่ไต  หัวใจ  กระเพาะปัสสาวะได้  ทำให้เกิดนิ่วตามส่วนต่าง ๆ ของร่างกายรวมถึงไตวายและอันตรายถึงชีวิตเลยทีเดียว



                ฉะนั้น  ผลไม้ที่มีฤทธิ์ทางสมุนไพรควรศึกษาและเลือกรับประทานให้เหมาะสม  ผู้ที่มีปัญหาเกี่ยวกับภาวะไตควรหลีกเลี่ยงผลไม้สองชนิดนี้  แต่ทั้งนี้  ตะลิงปลิงและมะเฟืองถือเป็นผลไม้ที่มีประโยชน์ในหลาย ๆ ด้าน  ควรรับประทานแต่พอดีและทานอาหารอื่น ๆ ให้ครบห้าหมู่  เพื่อสุขภาพที่ดีต่อไปอย่างยั่งยืน

 ภาพโดย K.N.",https://women.trueid.net/detail/wLwRrBWqzgv5
8,ลูกเต่ามะเฟือง รังที่ 18 รังสุดท้ายของฤดูกาล มาแล้ว!,"

ข่าววันนี้ ผศ.ดร.ธรณ์ ธำรงนาวาสวัสดิ์ นักวิชาการด้านทะเลและสิ่งแวดล้อม และอาจารย์ประจำภาควิชาวิทยาศาสตร์ทางทะเล คณะประมง มหาวิทยาลัยเกษตรศาสตร์ โพสต์ภาพและข้อความเมื่อวันที่ 8 เมษายน 2564 ที่ผ่านมา ผ่านเฟซบุ๊ก Thon Thamrongnawasawat ระบุว่า

ข่าวดีที่คนไทยกำลังต้องการ

ในขณะที่เรากำลังมึนอึ้งกับสถานการณ์ที่เปลี่ยนแปลงฉับพลัน ธรรมชาติยังคงเดินหน้าต่อไปเมื่อคืนลูกเต่ามะเฟือง #รังที่18 รังสุดท้ายของฤดูกาล ถือกำเนิดที่อุทยานหาดท้ายเหมืองครับที่สำคัญ รังนี้มีลูกเต่าออกมาถึง 60 ตัว ลงทะเลไปเรียบร้อย


เมื่อรวมกับตัวเลข 843 ตัวก่อนหน้า เยี่ยม ! เยี่ยมเพราะเราได้ลูกเต่านัมเบอร์ 900 901 902 และ 903 สร้างสถิติใหม่ในรอบเกิน 10 ปี ทะเลไทยมีลูกเต่ามะเฟืองเกิดเกิน 900 ตัวเป็นครั้งแรก


หากเพื่อนธรณ์ตามมาตลอด อ่านเรื่องลูกเต่านัมเบอร์800 คงทราบดีว่าพวกเราลุ้นกันแค่ไหน ลุ้นแค่ไหนก็ดีใจแค่นั้น


ขอบคุณคนพังงา/ภูเก็ตทุกท่าน เจ้าหน้าที่ทั้งกรมทะเล/กรมอุทยาน อาสาสมัครทุกคนปีนี้คือปีที่เราประสบความสำเร็จมากที่สุดไม่ใช่แค่ลูกเต่าเกิดมากที่สุดเพียงอย่างเดียว ยังรวมถึงความรักทะเลเกิดมากที่สุด รักที่เกิดจากคนรวมกันหลายพัน ทยอยพากันไปดูกำเนิดเต่ามะเฟืองตลอด 18 รังที่ผ่านมา ในช่วงเวลาสามเดือนเศษ


พ่อแม่หลายครอบครัวถึงขั้นบินไปจากกรุงเทพ เพราะอยากให้ลูกเห็นน้องเต่าวิ่งดุ๊กดิ๊กลงทะเล ยังหมายถึงเรื่องดี ๆ ที่ช่วยปลอบใจเรา ในยามที่ทุกอย่างเริ่มซึมเศร้า

เต่ามะเฟืองมีประโยชน์อย่างไร ?

ลองดูคลิปอีกสักครั้ง คุณจะพบว่า คุณเริ่มมีรอยยิ้มบนใบหน้า และนี่อาจเป็นข่าวดีที่สุดของวัน/สองสามวัน สัตว์สงวนที่ทำให้คนไทยอารมณ์ดีขึ้น มองโลกสบายใจขึ้น ควรมีคุณค่าแค่ไหน

คุณค่าความรักระหว่างคนกับธรรมชาติ

ควรมีราคากี่บาทครับ


คลิปจากพี่ ๆ กรมอุทยาน - ศูนย์ภูเก็ต อุทยานหาดท้ายเหมือง ขอบคุณที่เหนื่อยมาตลอดหลายเดือนครับดูดี ๆ จะเห็นว่า น้อง ๆ เค้ากำลังจะขุดรังเป็นรูปหัวใจ ฝากไว้ให้คนไทยครับ




ภาพ : กรมอุทยาน - ศูนย์ภูเก็ต อุทยานหาดท้ายเห",https://news.trueid.net/detail/RwGGpl5Ay9vw
9,เฮ! พบเต่ามะเฟือง วางไข่ 100 ฟอง อช.หาดเขาหน้ายักษ์-หาดท้ายเหมือง,"
เฮ! พบเต่ามะเฟือง วางไข่ 100 ฟอง อช.หาดเขาหน้ายักษ์-หาดท้ายเหมือง 
วันที่ 8 ก.ค. นายหฤษฎ์ชัย ฤทธิช่วย หัวหน้าอุทยานแห่งชาติเขาลำปี-หาดท้ายเหมือง จ.พังงา เปิดเผยว่า วานนี้ เวลาประมาณ 05.30 น. เจ้าหน้าที่อุทยานฯรับแจ้งจากชาวบ้านในตำบลท้ายเหมืองว่าพบร่องรอยการขึ้นมาวางไข่ของเต่าทะเล บริเวณทิศใต้ของหาดเขาหน้ายักษ์ จึงเข้าตรวจสอบพบมีร่องรอยการขึ้นมาวางไข่ของเต่าทะเล ซึ่งอยู่ห่างจากเขาหน้ายักษ์มาทางทิศใต้ประมาณ 2 กม. และห่างจากหลุมไข่เดิมที่แม่เต่าขึ้นมาวางไข่เมื่อวันที่ 1 ก.ค. 63 ประมาณ 1.5 กม.
นายหฤษฎ์ชัย กล่าวอีกว่า โดยจากการตรวจสอบเจ้าหน้าที่คาดว่ารอยดังกล่าวเป็นร่องรอยของเต่ามะเฟือง เมื่อวัดขนาดความกว้างได้ 170 ซม. ความกว้างช่วงอก 80 ซม. จึงได้ทำการขุดหาไข่เต่าจนเจอวัดความลึกของหลุมไข่ได้ 70 ซม. พบไข่ทั้งหมด 100 ฟอง เป็นไข่ดี 91 ฟอง ไข่ลม 9 ฟอง ทั้งนี้เนื่องจากหลุมไข่ที่แม่เต่าวางไข่อยู่ต่ำกว่าระดับน้ำทะเลขึ้นสูงสุดและปัจจุบันอยู่ในช่วงฤดูมรสุมตะวันตกเฉียงใต้ซึ่งอาจจะเกิดความเสียหายต่อไข่เต่าได้
เจ้าหน้าที่จึงทำการย้ายไข่ทั้งหมดมาเพาะฟ",https://news.trueid.net/detail/XPoO0DJklVoP
10,ธรณ์หวั่นเสริมทรายชายหาด ทำ ‘เต่ามะเฟือง’ ไร้ที่วางไข่-สูญพันธุ์!,"ข่าววันนี้ ผศ.ดร. ธรณ์ ธำรงนาวาสวัสดิ์ ประธานคณะทำงานสัตว์ทะเลหายาก ได้โพสต์ข้อความผ่านเฟซบุ๊กถึงการเสริมทรายชายหาด เขาหลัก ระยะทาง 12 กิโลเมตร อาจเลวร้ายถึงขั้นทำให้ เต่ามะเฟือง ไม่มีที่วางไข่และสูญพันธุ์ได้ว่า ผมทราบว่ามีโครงการ ""เสริมทรายเขาหลัก"" โดยที่ผ่านมามีโครงการเสริมทรายป้องกันชายหาดอยู่บ้าง ผมไม่มีความคิดเห็นเพราะหาดทรายต่างกัน บางเรื่องไม่ใช่ความชำนาญของผม แต่ในกรณีเสริมทรายเขาหลัก พื้นที่โครงการมีทั้งเขาหลัก บางเนียง คึกคัก ฯลฯ เป็นแหล่งแม่เต่ามะเฟืองวางไข่ เช่น 8 ธันวาคม 63 แม่เต่าวางไข่ที่หาดบางเนียง อีกทั้ง ยังมีอีกหลายรังในบริเวณนั้น

ทั้งนี้ ผศ.ดร. ธรณ์ ระบุต่อว่า ตลอดเวลา 3 ปีที่เต่ามะเฟืองกลับมาทะเลไทย รังแรกที่เธอกลับมาหลังหายไปหลายปี ก็เป็นที่หาดคึกคัก ในกรณีนี้ ผมจึงถือว่าเกี่ยวข้องโดยตรง เพราะผมเป็นประธานคณะทำงานสัตว์ทะเลหายาก และเป็นผู้ทรงคุณวุฒิในคณะกรรมการทะเลชาติฯ

""ผมมีหน้าที่ตามพรบ.ทะเล ข้อ 9 วรรค 2 ในการให้ความเห็น ข้อเสนอแนะ และคำปรึกษาแก่หน่วยงานของรัฐยังเป็นหนึ่งในคนรักทะเลไทย ช่วยกันผลักดันเต่ามะเฟืองจนกลายเป็นสัตว์สงวน และมีหน้าที่ทางใจในการดูแลพวกเธอไปตลอดชีวิต ผมมีความเป็นห่วงอย่างยิ่งว่า การเสริมทรายในพื้นที่ดังกล่าว อาจส่งผลกระทบถึงเต่ามะเฟือง เพราะโครงสร้างชายหาดที่เปลี่ยนแปลง อาจมีอะไรที่เราคาดไม่ถึง""
เขายังอธิบายว่า เป็นที่ทราบดีว่า เต่ามะเฟืองต้องการชายหาดลักษณะพิเศษ ทั้งประเทศไทยมีชายฝั่งแค่ 90 กิโลเมตรที่เต่ามะเฟืองขึ้นมาวางไข่เป็นประจำ การเปลี่ยนแปลงสภาพหาดดังกล่าว ไม่ว่าจะเป็นรูปแบบแข็งหรืออ่อน อาจส่งผลกระทบต่อสัตว์สงวนของไทย อาจทำให้แม่เต่ามะเฟืองไม่ขึ้นมาวางไข่ในบริเวณนั้นอีกเลยเต่ามะเฟืองยังเกี่ยวข้องกับกฎหมายหลายฉบับ เช่น พรบ.สงวนคุ้มครองสัตว์ป่า พรบ.สิ่งแวดล้อม (พังงามีประกาศพื้นที่คุ้มครอง) พรบ.ทะเล การพิจารณาดำเนินโครงการดังกล่าว ปัจจุบันอยู่ในระหว่างการวางแผนแม่บทและสำรวจออกแบบ รวมถึงการรับฟังความคิดเห็น ขั้นตอนนี้ต้องทำอย่างรอบคอบมาก ๆ จำเป็นต้องมีข้อมูลรองรับทุกด้านว่า จะไม่ส่งผลกระทบกับการวางไข่ของเต่ามะเฟือง และเป็นข้อมูลที่เชื่อถือได้ตามหลักวิชาการ สร้างความมั่นใจให้คนรักทะเลรักเต่าได้

หากไม่สามารถ ผมคงต้องทำตามหน้าที่ประธานคณะทำงานสัตว์หายาก จัดประชุมเพื่อเสนอความคิดเห็นให้กรมทะเลใช้มาตรา17 ระงับการกระทำหรือกิจกรรมที่ก่อให้เกิดความเสียหายอย่างร้ายแรงกรม",https://news.trueid.net/detail/yL0vlZRqpxXN
11,พลังศรัทธา! ยอดบริจาคล่าสุด วัดท่ามะเฟือง พุ่งวันเดียว 16 ล้าน,29 ตุลาคม 2563  ผู้สื่อข่าวรายงานว่าจากกรณีโลกโซเชียล และสื่อต่างๆ ได้มีการแชร์เรื่องราวของพระครูสังฆรักษ์ ประพันธ์ ญาณภทฺโท เจ้าอาวาสวัดท่ามะเฟือง หมู่ที่ 3 ต.อ่างทอง อ.เมือง จ.ราชบุรี ได้ออกมาร้องไห้กลางที่ประชุมเลือกกรรมการหมู่บ้านว่าทางวัดไม่มีญาติโยม หรือ เจ้าภาพที่จองเข้ามาเป็นเจ้าภาพกฐินปี 2563 หลังจากที่มีกฐินมาทุกปี ประกอบกับทางเจ้าอาวาสเองอาพาธป่วยไม่สามารถออกกิจนิมนต์ได้ความคืบหน้าล่าสุดผู้สื่อข่าวได้เดินทางเข้าไปที่วัดท่ามะเฟือง พบว่าทางกรรมการวัดร่วมกับเทศบาลตำบลห้วยชินสีห์ พร้อมด้วยจิตอาสาพระราชทาน คลังแสงที่ 6 กองคลังแสง กรมสรรพาวุธทหารบก และชาวบ้านหมู่ที่ 3 ร่วมกันทำความสะอาด ตัดถางหญ้า สถานที่จอดรถ ปรับปรุงภูมิทัศน์ มีการนำเต็นท์หลังคามาติดตั้ง สำหรับการออกโรงทานซึ่งมีเจ้าภาพได้แจ้งความประสงค์มาร่วมกันกว่า 500 ร้านค้า และจัดเตรียมสถานที่ส่วนต่างๆ การทำความสะอาดห้องน้ำ ห้องสุขขา และสถานที่จอดรถที่คาดว่าจะมีประชาชนจากทั่วสารทิศเดินทางมาร่วมทอดผ้าป่าสามัคคี ถวาย พระครูสังฆรักษ์ ประพันธ์ ญาณภทฺโท เจ้าอาวาสวั,https://news.trueid.net/detail/01enaapdQv4l
12,ลูกเต่ามะเฟืองรังที่ 4 ชายหาดบางขวัญ พังงา ฟักแล้ว รอด 58%,"เมื่อวันที่ 18 มกราคม 2564 ผู้สื่อข่าวรายงานว่า สำนักงานทรัพยากรทางทะเลและชายฝั่งที่ 6 โดยส่วนส่งเสริมและประสานงานเครือข่ายทรัพยากรทางทะเลและชายฝั่ง ส่วนอนุรักษ์ทรัพยากรทางทะเล ศูนย์อนุรักษ์ทรัพยากรป่าชายเลนที่ 10 (ตะกั่วป่า พังงา) และศูนย์วิจัยทรัพยากรทางทะเลและชายฝั่งทะเลอันดามันตอนบน ได้ตรวจพบการยุบตัวของปากหลุมฟักไข่เต่ามะเฟืองหาดบางขวัญรังที่ 4 ที่แม่เต่ามะเฟืองขึ้นมาวางไข่ เมื่อวันที่ 20 พฤศจิกายน 2563



เจ้าหน้าที่ได้เฝ้าดูแล/เฝ้าระวัง สังเกตุการเปลี่ยนแปลงของปากหลุมที่ยุบตัว มีลูกเต่ามะเฟืองทยอยขึ้นมารอ บริเวณปากหลุมมากขึ้น จนเวลา 23.50 น. ของวันที่ 17 ม.ค. 2564 ลูกเต่าได้เริ่มขึ้นสู่ปากหลุมจำนวนมาก เจ้าหน้าที่จึงได้จับลูกเต่ามะเฟืองใส่ในภาชนะที่เตรียมไว้ นำไปปล่อยลงสู่ทะเล จำนวน 53 ตัว และทำการขุดช่วยเหลือลูกเต่ามะเฟืองในหลุมที่แข็งแรง สามารถนำไปปล่อยเพิ่มได้อีก จำนวน 5 ตัว ลูกเต่ามะเฟืองที่ไม่แข็งแรงต้องอนุบาลรอปล่อย 11 ตัว ลูกเต่ามะเฟืองตายแรกเกิด 1 ตัว ไข่หยุดการพัฒนา(ตายโคม) 3 ฟอง ไข่ไม่ได้รับการผสม 46 ฟอง ไข่ลม 18 ฟอง รวมเป็นจำนวนไข่ที่แม่เต่ามะเฟืองขึ้นมาวางทั้งสิ้น 137 ฟอง คิดเป็นอัตราการฟัก 58 %





",https://news.trueid.net/detail/jo1pZOV1Yb7J
13,พบแม่เต่ามะเฟืองขึ้นวางไข่ร่วมร้อยฟองออกนอกฤดูกาลรังที่ 2,"เมื่อวันที่ 7 กรกฎาคม 2563 ผู้สื่อข่าวรายงานว่า นายหฤษฎ์ชัย ฤทธิช่วย หัวหน้าอุทยานแห่งชาติเขาลำปี-หาดท้ายเหมือง ได้รับแจ้งจากนายโรม แสงแก้ว ชาวบ้านในตำบลท้ายเหมืองว่าพบร่องรอยการขึ้นมาวางไข่ของเต่าทะเลบริเวณทิศใต้ของเขาหน้ายักษ์ จึงเข้าตรวจสอบในพื้นที่พร้อมด้วย นายประถม รัสมี ผอ.สำนักงานทรัพยากรทางทะเลและชายฝั่งที่ 6 ดร.ก้องเกียรติ กิตติวัฒนาวงศ์ ผอ.ศูนย์วิจัยและพัฒนาทรัพยากรทางทะเลและชายฝั่งทะเลอันดามันตอนบน นายปรารพ แปลงงาน หัวหน้าศูนย์ปฏิบัติการอุทยานแห่งชาติทางทะเลที่ 2 จังหวัดภูเก็ต นายจักรพันธ์ ม่วงยิ้ม ผอ.ส่วนส่งเสริมและประสานงานเครือข่ายทรัพยากรทางทะเลและชายฝั่ง สทช.6 นายสุริยะ สอนเสริม ผอ.ศูนย์อนุรักษ์ทรัพยากรป่าชายเลนที่10 (ตะกั่วป่า พังงา) พบร่องรอยการขึ้นมาวางไข่ของเต่าทะเลที่บริเวณพิกัด E0413616 N0942550 พื้นที่ดังกล่าวอยู่ห่างจากเขาหน้ายักษ์ หมู่ 5 ต.ลำแก่น อ.ท้ายเหมือง จ.พังงา ทางทิศใต้ประมาณ 2 กม. และห่างจากหลุมไข่เดิมที่แม่เต่าขึ้นมาวางไข่เมื่อวันที่ 1 ก.ค.63 ประมาณ 1.5 กม.

ทางเจ้าหน้าที่ได้ พิจารณาแล้วคาดว่ารอยดังกล่าวเป",https://news.trueid.net/detail/BrQ6yEVpGl0n
14,ลูกเต่ามะเฟือง 75 ตัว ฟักออกจากไข่เดินลงสู่ทะเลหาดท้ายเหมือง,"




วันที่ 28 มีนาคม 2563 นายปรารพ แปลงงาน หัวหน้าศูนย์ปฏิบัติการอุทยานแห่งชาติทางทะเลที่ 2 จังหวัดภูเก็ต รายงานสถานการณ์การฟักไข่ของเต่ามะเฟือง ในพื้นที่อุทยานแห่งชาติเขาลำปี-หาดท้ายเหมือง ระหว่างวันที่ 26 -28 มีนาคม 2563 ว่าพบลูกเต่ามะเฟือง สัตว์ทะเลหายาก ใกล้สูญพันธุ์ ได้ฟักออกจากไข่เป็นลูกเต่าที่สมบูรณ์แข็งแรง รวม 75 ตัว จากจำนวนไข่ที่แม่เต่าไข่ไว้ 105 ฟอง ซึ่งลูกเต่าชุดนี้ใช้เวลาถึง 3 วัน ทยอยออกจากไข่โผล่พ้นหลุมฟัก วันแรก 26 ตัว วันที่ สอง 45 ตัว และ เช้าวันนี้อีก 1 ตัว ทั้งนี้พบว่ายังมีลูกเต่าอีกจำนวน 1 ตัว รออยู่ในหลุมฟักเพื่อคอยจังหวะเวลาที่เหมาะสมออกสู่ทะเล สรุปรวมลูกเต่าที่ฟักกออกจากใข่ลงสู่ทะเลไปได้แล้ว 3 ชุดยอดรวม จำนวน 74 ตัว โดยการดำเนินการเพาะฟักในครั้งนี้เป็นการทดลองปล่อยให้ลูกเต่าฟักตัวไปตามกระบวนการทางธรรมชาติที่เหมาะสม ทำให้ได้ลูกเต่าที่เกิดใหม่มีสุขภาพแข็งแรง สดชื่น หลังจากโผล่พ้นหลุมเพาะฟักลูกเต่าทุกตัวสามารถคลานลงสู่ทะเลได้ด้วยตัวเองในทันที
       
ทั้งนี้ เป็นลูกเต่ามะเฟืองรังที่ 5 ของจังหวัดพังงา รังที่ 7 ของฝั่งทะเลอันดามัน จากจำนวน 11 รัง โดยแม่เต่าได้ขึ้นมาวางไข่ไว้เมื่อวันที่ 31 มกราคม 2563 บริเวณหน้าวิทยาลัยการอาชีพท้ายเหมือง จำนวน 105 ฟอง เจ้าหน้าที่ได้ทำการย้ายไข่ไปเพาะฟักบริเวณที่ทำการอุทยานแห่งชาติเขาลำปี-หาดท้ายเหมือง เนื่องจากพิจารณาเห็นว่าหลุมไข่เต่ามีโอกาสที่น้ำทะเลจะท่วมถึง ใช้ระยะเวลาในการเพาะฟักถึงวันที่ 26 มีนาคม 2563 เป็นเวลา 55 วัน ยังมีไข่ที่เหลืออีก 30 ฟอง เจ้าหน้าที่เฝ้ารอต่อไปอีก2 วัน เนื่องจากเชื่อว่าอาจยังมีลูกเต่าที่หลงเหลืออยู่ ก่อนขุดสำรวจเพื่อเก็บข้อมูลต่อไป
",https://news.trueid.net/detail/eMLLZwJ0Z5wM
15,เปิดยอดบริจาคล่าสุด! วัดท่ามะเฟือง ประชาชนทั่วไทย แห่ทอดกฐินวันนี้,จากกรณีโลกโซเชียล และสื่อต่างๆ ได้มีการแชร์เรื่องราวของพระครูสังฆรักษ์ ประพันธ์ ญาณภทฺโท เจ้าอาวาสวัดท่ามะเฟือง หมู่ที่ 3 ต.อ่างทอง อ.เมือง จ.ราชบุรี ได้ออกมาร้องไห้กลางที่ประชุมเลือกกรรมการหมู่บ้านว่าทางวัดไม่มีญาติโยม หรือ เจ้าภาพที่จองเข้ามาเป็นเจ้าภาพกฐินปี 2563 หลังจากที่มีกฐินมาทุกปี ประกอบกับทางเจ้าอาวาสเองอาพาธป่วยเป็นโรคเบาหวาน และกล้ามเนื้ออ่อนแรง ไม่สามารถออกกิจนิมนต์ได้ความคืบหน้าล่าสุดบรรยากาศการจัดเตรียมสถานที่ เพื่อรองรับจากประชาชนจากทั่วสารทิศจะเดินทางมาจากจังหวัดต่างๆ และในจังหวัดราชบุรี เพื่อที่จะ,https://news.trueid.net/detail/1OLn78xegrNR
16,เปิดตำนาน! วัดท่ามะเฟือง จากสำนักสงฆ์ สู่วัดเป็นที่รู้จักของคนทั้งประเทศ,"""วัดท่ามะเฟือง""...วัดขนาดเล็ก ที่ตั้งอยู่ในชุมชน พื้นที่หมู่ 3 ตำบลอ่างทอง อำเภอเมือง จังหวัดราชบุรี จากเดิมทีไม่ค่อยมีประชาชนรู้จักวัดแห่งนี้มากนัก แต่หลังจากโลกออนไลน์ ได้มีการแชร์เรื่องราวของเจ้าอาวาสวัด ที่ท่านได้ออกมาร้องไห้กลางที่ประชุมเลือกกรรมการหมู่บ้าน พร้อมกล่าวในลักษณะน้อยอก น้อยใจ ว่าทางวัดไม่มีญาติโยม หรือ เจ้าภาพ ที่จองเข้ามาเป็นเจ้าภาพกฐินปี 2563 หลังจากที่มีกฐินมาทุกปี ประกอบกับเจ้าอาวาสอาพาธจนไม่สามารถออกกิจนิมนต์ได้นับจากวินาทีนั้น ด้วยแรงแห่งพลังโซเชียล บวกกับพลังแห่งจิตศรัทธา ของประชาชนจำนวนมากและต่างพร้อมอก พร้อมใจ โอนปัจจัยที่เป็นตัวเงินผ่านเลขบัญชีธนาคาร ที่ทางวัดได้ให้ไว้ โดยพบว่า ยอดเงินที่ประชาชนทั่วสารทิศทั้งในประเทศและต่างประเทศ ได้โอนเงินเข้าบัญชีธนาคารของทางวัดท่ามะเฟือง ในทุกช่องทางและรวมกับยอดเงินที่มีประชาชนเดินทางมาทำบุญที่วัด โดยเริ่มตั้งแต่เมื่อช่วงเที่ยงของวันที่ 27 ต.ค. ที่ผ่านมา จนถึงเวลา 17.00 น.ของวันที่ 30 ต.ค. มียอดล่าสุดกว่า 32 ล้านบาทวัดท่ามะเฟือง จากเดิมเปรียบเหมือนเป็นวัดที่ถูกลืม แต่วันนี้ วัดท่ามะเฟือง ไม่ได้เป็นวัดที่ถูกลืมอีกต่อไป และได้มีประชาชนเรือนหมื่นหลั่งไหลมาร่วมบุญกฐิน ผ้าป่าสามัคคี ที่วัดขึ้นเมื่อวันที่ 30 ตุลาคม ที่ผ่านมา สมตามความปราถนาของ ท่านเจ้าอาวาสวัดนายกิตติ โค้วถาวร ผู้ใหญ่บ้านหมู่ 3 ต.อ่างทอง และเป็นประธานคณะกรรมหมู่บ้านท่ามะเฟือง เล่าย้อนตำนานให้ฟังว่า....""วัดท่ามะเฟือง""จัดตั้งเมื่อปี 2545 แต่เดิมเป็นพื้นที่ว่างเปล่าเป็นที่ดินของส่วนบุคคล จากที่ก่อนหน้านั้นเมื่อประมาณ 60 ปี ราวๆปี 2503 ได้มีพระทางภาคใต้ ได้เดินทางมาถือศีลนั่งวิปัสสนากรรมฐาน และตั้งเป็นสำนักสงฆ์ท่ามะซาง ต่อมาเริ่มที่จะมีพระภิกษุสงฆ์เข้ามาจำพรรษาเพิ่มขึ้น และได้เริ่มมีการก่อสร้างกุฏิสงฆ์ พร้อมทั้งจัดลานปฏิบัติธรรมเรื่อยมา มีชาวบ้านเข้ามาปฏิบัติธรรมร่วมกับทางพระสงฆ์ จนกระทั่งพระภิกษุสงฆ์เริ่มหายไปจนกลายเป็นสำนักสงฆ์ร้าง ไม่มีพระภิกษุสงฆ์อาศัยอยู่แม้แต่รูปเดียวนายกิตติ เล่าต่อว่า จากนั้นผ่านมาหลายปีเริ่มจะมีพระภิกษุสงฆ์เดินทางมาจำพรรษาอยู่ภายในสำนักสงฆ์เพื่อฝึกปฏิบัติสมาธินั่งกรรมฐาน และเริ่มมีพระมาจำพรรษามากขึ้น ชาวบ้านได้เข้ามาปลูกต้นไม้ เพื่อหวังว่าจะให้เกิดความร่มรื่น นักฝึกจิตสมาธิปฏิบัติธรรมฐาน จนทำให้ในปี 2545 สำนักสงฆ์ ท่ามะซาง ได้ตั้งเป็นวัดท่ามะเฟือง และยังคงเน้นในเรื่องการปฏิบ",https://news.trueid.net/detail/BwX1aNXYRz5V
17,"""วัดท่ามะเฟือง"" ไม่ใช่วัดที่ถูกลืม! หลัง ปชช.แห่ร่วมทอดกฐินนับหมื่นคน",วันที่ 30 ตุลาคม 2563 ประชาชนจากทั่วสารทิศเดินทางมาจากจังหวัดต่างๆ และในจังหวัดราชบุรี ร่วมนำกฐิน และ ผ้าป่าสามัคคี ถวายให้กับพระครูสังฆรักษ์ ประพันธ์ ญาณภทฺโท เจ้าอาวาสวัดท่ามะเฟือง จ.ราชบุรีโดยเมื่อเวลา 09.30 น.มีขบวนแห่พุ่มกฐิน และ ผ้าป่าสามัคคี นำโดยคณะมังกรทองซึ่งได้จัดพญานาค และ การเชิดสิงโตทองจำนวน 5 ตัว ตามด้วย ขบวนพุ่มกฐิน ขบวนกองยาว ขบวนม้า 50 ตัว ขบวนวัวเทียมเกวียนนับ 10 เล่ม ตามด้วยขบวนรถช็อปเปอร์ ขบวนนางรำ และปิดท้ายด้วยขบวนรถแห่มินิคอนเสิร์ต ซึ่งได้จัดมาเพื่อร่วมทำบุญกับทางวัดโดยไม่คิดค่าใช้จ่าย เพื่อแห่พุ่มกฐิน และ ผ้าป่าสามัคคีเข้าสู่ศาลาประกอบพิธีภายในวัดท่ามะเฟืองในเวลา 12.30 น. และจะมีพิธีทอดกฐิน และ ทอดผ้าป่าในเวลา 13.00 น. โดยมีนายอำเภอเมืองราชบุรี เป็นประธานในพิธีอย่างไรก็ดีผู้ที่มีจิตศรัทธา สามารถเดินทางมาร่วมทำบุญได้ และหากใครที่มีความประสงค์ที่จะเป็นเจ้าภาพร่วมและไม่สะดวกเดินทางมาสามารถโอนเข้าบัญชีธนาคารออมสิน หมายเลขบัญชี 020028789822 ชื่อบัญชี วัดท่ามะเฟือง โทรสอบถามได้ที่ 0864092324 และ 0614741962ข่าวที่เกี่ยวข้องพลังศรัทธา! ยอดบริจาคล่าสุด วัดท่ามะเฟือง พุ่งวันเดียว 16 ล้านเปิดยอดบริจาคล่าสุด! วัดท่ามะเฟือง ประชาชนทั่วไทย แห่ทอดกฐินวันนี้เจ้าอาวาสร่ำไห้!! ไม่มีญาติโยมจองกฐิน แถมป่วยออกกิจนิมนต์ไม่ได้เกาะติดข่าวที่นี่website:www.TNNTHAILAND.comfacebook :TNNONLINEfacebook live :TNN Livetwitter :TNNONLINELine :@TNNONLINEYoutube Official :TNNONLINEInstagram :TNN_ONLINETIKTOK :@TNNONLINE,https://news.trueid.net/detail/61B68X2DYDj1
18,ตามมาติดๆ... แม่เต่ามะเฟืองขึ้นวางไข่ครั้งที่​ 11​ รังที่​ 9​ ของฤดูกาล,"เมื่อวันที่ 18 ธันวาคม 2563 ผู้​สื่อข่าว​ราย​งานว่า​ สำนักงานทรัพยากรทางทะเลและชายฝั่งที่ 6 โดยส่วนส่งเสริมและประสานงานเครือข่ายทรัพยากรทางทะเลและชายฝั่ง และศูนย์อนุรักษ์ทรัพยากรป่าชายเลนที่ ๑๐​ (ตะกั่วป่า พังงา) และศูนย์ปฏิบัติการอุทยานแห่งชาติทางทะเลที่ 2 จังหวัดภูเก็ต ได้รับแจ้งจากนายสมพงษ์ จิตรชำนาญ ราษฎรบ้านท่านุ่น ว่าพบร่องรอยการขึ้นมาวางไข่ของเต่าทะเล บริเวณชายหาดบางขวัญ หมู่ที่ 7 ตำบลโคกกลอย อำเภอตะกั่วทุ่ง จังหวัดพังงา เจ้าหน้าที่ได้เข้าตรวจสอบพื้นที่ดังกล่าว พิกัด ๔๒๐๙๓๕ E ๙๐๗๓๗๖ N (ห่างจากคอกเต่าศูนย์เฝ้าระวังฯ หาดบางขวัญ ไปทางทิศใต้ 100 เมตร ซึ่งเป็นจุดเดียวกับที่เต่ามะเฟืองขึ้นมาวางไข่และขุดค้นหาไม่พบ ครั้งที่ 3 เมื่อวันที่ 10 พ.ย. 63) พบว่าเป็นร่องรอยของเต่ามะเฟือง ตรวจวัดขนาดความกว้างของรอยพายคู่หน้าได้ 220 ซม. ขนาดความกว้างของอก 110 ซม. และขุดค้นหาไข่เต่ามะเฟือง จนพบที่ขนาดความลึก 80 ซม. ตรวจสอบตำแหน่งที่วางไข่ พบว่าอยู่ในแนวที่น้ำทะเลมีโอกาสท่วมถึง จึงขุดตรวจนับไข่เต่ามะเฟือง พบว่าเป็นไข่ดี 108 ฟอง ไข่ลม 17 ฟอง รวมทั้งสิ้น 125 ฟอง เคลื่อนย้ายนำไปฝังไว้ที่คอกเต่าศูนย์เฝ้าระวังฯ หาดบางขวัญ(รังที่ 1 ) ทำการติดตั้งเครื่องวัดอุณหภูมิ เพื่อติดตามพัฒนาการ และเฝ้าดูแลให้เป็นไปตามหลักวิชาการ มีอัตราการฟักสูง และปล่อยลูกเต่ามะเฟืองลงสู่ทะเลได้อย่างปลอดภัยต่อไป



 ",https://news.trueid.net/detail/EWmqGEG6VY2W
19,วัดท่ามะเฟืองวางศิลาฤกษ์สร้างอุโบสถ์ 15 ล้าน-เตือนภัยมิจฉาชีพเรี่ยไรเงิน,วันที่ 17 มกราคม 2564 ผู้สื่อข่าวรายงานว่า จากกรณีที่พระครูสังฆรักษ์ ได้ออกมาร่ำไห้เผยแพร่ผ่านสื่อถึงเรื่องที่ทางวัดไร้กฐินประจำปี 2563 จากการประชุมภายในหมู่บ้าน โดยทางคณะกรรมการได้มีมติร่วมกันที่จะถวายเงินจำนวน 1 หมื่นบาทให้แทน เนื่องจากเหตุผลที่ว่าวัดมีพระภิกษุสงฆ์เพียงแค่ 3 รูป ไม่ครบองกฐิน จึงไม่สามารถมีงานกฐินที่วัดได้ จนเรื่องราวได้ถูกเผยแพร่ผ่านสื่อมวลชนจนต้องเข้าไปตามประเด็น และมีการออกมาเป็นสะพานบุญบอกบุญไปยังทั่วประเทศ ทำให้มีประชาชนต่างแห่แหนกันโอนเงินร่วมเป็นจ้าภาพกฐิน และเดินทางมาร่วมเป็นเจ้าภาพทอดกฐินจำนวนมาก แบบมืดฟ้ามัวดิน ทำให้วัดแน่นขนัด ส่วนงอดเงินบริจาคทั้งสิ้น 32.8 ล้านบาทเศษ โดยความตั้งใจของพระครูสังฆรักษ์ เจ้าอาวาสวัด ต้องการนำเงินกฐินไปสร้างศาลาปฏิบัติธรรม สร้างอุโบสถ์ และนำไปพัฒนาอื่นๆภายในวัด เนื่องจากวัดยังไม่มีพระอุโบสถ์ดังกล่าวล่าสุดวันนี้ผู้สื่อข่าวได้เดินทางไปที่วัดท่ามะเฟือง เพื่อตรวจสอบความคืบหน้าของการก่อสร้างพระอุโบสถ์ ซึ่งทางกรรมการวัดได้ร่วมกับทางชุมชน และ พระภิกษุสงฆ์จัดเตรียมสถานที่เพื่อประกอบพิธีการวางศิลาฤกษ์ เตรียมการก่อสร้างอุโบสถ วัดท่ามะเฟือง โดยได้มีการทำแผ่นหินอ่อนด้วยการนำดวง วันเดือนปีเกิดของทาง พระครูสังฆรักษ์ เจ้าอาวาสวัด และ ฤกษ์กำลังวัน เพื่อให้เกิดความเป็นมงคลสูงสุด จะมีการประกอบพิธีบวงสรวงสิ่งศักดิ์สิทธิ์ภายในวัดท่ามะเฟือง ในเวลา 07.00 น. จากนั้น เวลา 11.29 – 12.19 น. ได้กำหนดพิธีวางศิลาฤกษ์ โดยมีพระธรรมปัญญาพร เจ้าคณะจังหวัดราชบุรี เจ้าอาวาสวัดมหาธาตุวรวิหาร พระอารามหลวง จังหวัดราชบุรี เป็นประธานฝ่ายสงฆ์ และ นายทศพล เผื่อนอุดม นายอำเภอเมืองราชบุรี เป็นประธานฝ่ายฆราวาสนายกิตติ โค้วถาวร ผู้ใหญ่บ้านหมู่ 3 ต.อ่างทอง อ.เมือง จ.ราชบุรี ประธานคณะกรรมหมู่บ้านท่ามะเฟือง กล่าวว่า หลังจากที่ทางกร,https://news.trueid.net/detail/ljeKqQOaAmLz
20,รอยอลังการสุดปัง แม่เต่ามะเฟือง ขึ้นวางไข่ หาดบางขวัญ พบไข่ดี 96 ฟอง,"รอยอลังการสุดปัง แม่เต่ามะเฟือง ขึ้นวางไข่รังที่ 12 บริเวณหาดบางขวัญ จ.พังงา เจ้าหน้าที่กรมทะเลย้ายไข่แล้ว พบมีไข่ดีจำนวน 96 ฟอง 

วันที่ 28 ธ.ค. 63 ดร.ธรณ์ ธำรงนาวาสวัสดิ์ ผู้เชี่ยวชาญด้านนิเวศทางทะเล และรองคณบดี คณะประมง มหาวิทยาลัยเกษตรศาสตร์ ระบุผ่านเฟซบุ๊ก Thon Thamrongnawasawat พร้อมแชร์ภาพรอยแม่เต่ามะเฟืองขนาดใหญ่ ซึ่งเป็นภาพจากกรมอุทยานฯ ว่า เช้า ๆ ใกล้ปีใหม่แบบนี้จะมีอะไรดีไปกว่าภาพรอยเต่ายักษ์บุกหาดบางขวัญ แม่เต่ามะเฟืองขึ้นมาวางไข่รังที่ 12 เมื่อเช้าตรู่วันนี้ เลือกภาพนี้มาให้ดู เพราะมันสุดปัง รอยใหญ่จริง ๆ ถ้าไม่บอกคิดว่าพญานาคเลื้อยผ่านมามอบตัวเลขเป็นของขวัญปีใหม่ให้กับชนชาวไทยที่หน้าเหี่ยวแห้งลงทุกวัน

ดร.ธรณ์ กล่าวว่า ชาวบ้านพบตัวครับ แม่เต่ารายนี้มีแผลเล็กๆ ที่โคนขา แต่หาเบตาดีนใส่ให้ไม่ทัน จะอย่างไรก็ตาม แผลแค่นั้นคงไม่มีปัญหาอะไรมาก พิสูจน์ได้โดยแม่เต่าขึ้นมาหลายหนแล้ว รังที่ 9 ก็เป็นฝีมือออเจ้าเช่นกัน จุดวางไข่ห่างรังแรก 700+ เมตร คาดว่าแม่เต่าฉลองหนักจึงพลาดท่าว่ายน้ำเป๋ไปมาไม่ตรงจุด เสียแรงที่คอยเชียร์มาตลอด

เนื่องจากใกล้แนวน้ำ เจ้าหน้าที่กรมทะเลย้ายไข่แล้ว มีไข่ดี 96 ฟอง น่าจะได้ลูกเต่าอย่างน้อย 5 โหล ถึงตอนนี้ ลูกเต่าลงทะเลไปแล้ว 72 ตัว ปีใหม่น่าจะมีแก๊งสองตามไป เพราะอยู่มา 57 วันแล้วจ้ะ ตามตำราคือ 60 วัน ผมตั้งชื่อไว้แล้วว่าน้องสิ้นปี แต่ที่ต้องร่วมลุ้นคือสถิติจะถูกทำลายหรือไม่? ซีซั่นก่อน 13 รัง ซีซั่นนี้ 12 รังแล้วจ้า อย่าลืมหน้ากากกับโซเชียลดิสแทนซ์นะจ๊ะคุณแม่เต่า ดร.ธรณ์ กล่าว",https://news.trueid.net/detail/WZGBrRo1KE0j
21,มาตามนัด แม่เต่ามะเฟืองยักษ์ ขึ้นวางไข่ เขาลำปี-หาดท้ายเหมือง จนท.คุ้มกันเหนียวแน่น,"
วันที่ 7 กุมภาพันธ์ อุทยานแห่งชาติเขาลำปี-หาดท้ายเหมือง สำนักบริหารพื้นที่อนุรักษ์ที่ 5 (นครศรีธรรมราช) กรมอุทยานแห่งชาติสัตว์ป่าและพันธุ์พืช รายงานผลการปฏิบัติงานการลาดตระเวนและสำรวจการขึ้นวางไข่ของเต่าทะเล เวลา 20.00 น. วันที่ 7 กุมภาพันธ์ 2564 โดย นายหฤษฎ์ชัย ฤทธิช่วย หัวหน้าอุทยานแห่งชาติเขาลำปี-หาดท้ายเหมือง กล่าวว่า ได้รับรายงาน จากเจ้าหน้าที่ชุดลาดตระเวนและสำรวจการขึ้นวางไข่ของเต่าทะเลว่า พบเต่ามะเฟืองกำลังวางไข่ในพื้นที่หน่วยพิทักษ์อุทยานแห่งชาติที่ ลป.3 (ปาง) จึงเข้าตรวจสอบในพื้นที่ พบว่าจุดที่ขึ้นวางไข่อยู่ห่างจากที่ทำการอุทยานแห่งชาติไปทางทิศเหนือประมาณ 8 กิโลเมตร ที่พิกัด E414155 N940429 อยู่ห่างจากหลุมเ",https://news.trueid.net/detail/XxXyBV8oaG0w
22,ลูกเต่ามะเฟือง ลืมตาดูโลก รังที่2 ชายหาดบางขวัญ แข็งแรง ปล่อยลงทะเลตามธรรมชาติ,"วันนี้ (29 ธ.ค.) ผู้สื่อข่าวรายงานว่า เวลา 22.50 น. วันที่ 28 ธันวาคม สำนักงานทรัพยากรทางทะเลและชายฝั่งที่ 6 โดยส่วนส่งเสริมและประสานงานเครือข่ายทรัพยากรทางทะเลและชายฝั่ง ส่วนอนุรักษ์ทรัพยากรทางทะเล ศูนย์อนุรักษ์ทรัพยากรป่าชายเลนที่ 10 อ.ตะกั่วป่า จ.พังงา ศูนย์วิจัยและพัฒนาทรัพยากรทางทะเลและชายฝั่งทะเลอันดามันตอนบน และศูนย์ปฏิบัติการอุทยานแห่งชาติทางทะเลที่ 2 จังหวัดภูเก็ต ได้รับแจ้งจากเวรเฝ้าระวังฯ หาดบางขวัญ ว่า บริเวณปากหลุมฟักไข่เต่ามะเฟือง รังที่ 2 ได้ยุบตัวลง ติดตามดูจากกล้อง cctv ก็เห็นสัญญานลูกเต่าทยอยขึ้นมาบริเวณปากหลุมเพิ่มขึ้นเรื่อยๆ

จนเวลา 22.50 น. ลูกเต่ามะเฟืองได้คลานขึ้นมาเป็นจำนวนมาก เจ้าหน้าที่จึงเก็บลูกเต่าใส่ในภาชนะที่เตรียมไว้ ตรวจนับได้จำนวน 42 ตัว ตรวจดูแล้วลูกเต่ามะเฟืองมีความแข็งแรง จึงนำลูกเต่าปล่อยลงสู่ทะเลตามธรรมชาติทั้งหมด

จากนั้นทำการขุดในหลุมฟักไข่เพื่อตรวจสอบและช่วยเหลือ พบลูกเต่ามะเฟืองอีกจำนวน 26 ตัว แบ่งเป็น เต่าที่แข็งแรงพอที่จะปล่อยเพิ่มได้อีก 5 ตัว ต้องอนุบาลรอปล่อย 8 ตัว และตายแรกเก",https://news.trueid.net/detail/16ZVAa5p5mK6
23,เต่ามะเฟืองขึ้นวางไข่มากสุดในรอบ 20 ปี ข่าวดีท่ามกลางการระบาดของโควิด-19,"เต่ามะเฟืองจะล่วงรู้ด้วยสัญชาตญาณหรือไม่ว่าเวลานี้ชายหาดจะสงบปราศจากการรบกวนอย่างไม่เคยเป็นมาก่อน เนื่องจากเกิดโรคระบาดร้ายแรงต่อมนุษย์ โดยผู้คนได้แต่สงสัย...เชื่อมโยงกับปรากฏการณ์อันน่าทึ่ง นั่นคือแม่เต่ามะเฟืองได้ขึ้นวางไข่ตามแนวชายฝั่งอันดามัน จ.ภูเก็ตและพังงารวมทั้งสิ้น 11 รัง ในฤดูวางไข่นี้ ก่อนที่ลูก ๆ ของมันจะทยอยฟักออกมาและพากันคลานลงสู่ทะเลตรงช่วงที่โรคโควิด-19 ระบาดหนักไปทั่ว ซึ่งลูกเต่ามะเฟืองเกิดใหม่ในฤดูนี้มีปริมาณมากกว่าฤดูไหน ๆ ในรอบกว่าสองทศวรรษ

ปรากฏการณ์ฤดูนี้ในฤดูวางไข่ ตั้งแต่กลางเดือนพฤศจิกายน 2562 มีรายงานแม่เต่ามะเฟือง 4-5 ตัวขึ้นวางไข่ 4 พื้นที่ คือ
   1) หาดบ่อดาน อ.ท้ายเหมือง จ.พังงา
   2) หาดท้ายเหมือง อ.ท้ายเหมือง จ.พังงา
   3) เกาะคอเขา อ.ตะกั่วป่า จ.พังงา
   4) หาดทรายแก้ว-หาดไม้ขาว-หาดในทอน อ.ถลาง จ.ภูเก็ต

รวมทั้งหมด 11 รัง (ถูกขโมย 1 รัง) แต่ละรังมีไข่ประมาณ 60-120 ฟอง รังแรกเกิดขึ้นเมื่อ 17 พ.ย.2562 รังสุดท้ายเกิดขึ้น 10 ก.พ. 2563 ระยะเวลาฟักไข่จะอยู่ในช่วง 54-65 วัน ขึ้นอยู่กับอุณหภูมิของหลุมทราย

นายปรารพ แปลงงาน หัวหน้าศูนย์ปฏิบัติการอุทยานแห่งชาติทางทะเลที่ 2 จังหวัดภูเก็ต ให้ข้อมูลว่า เมื่อเทียบกับการขึ้นวางไข่ของเต่ามะเฟืองจำนวน 3 รังในฤดูวางไข่ที่แล้ว และย้อนไปก่อนหน้านั้น เต่ามะเฟืองเว้นระยะขึ้นวางไข่ถึง 5 ฤดู ตามรายงานการวางไข่หนหลังสุดในพื้นที่ก็คือปี 2556 ขณะที่ในปี 2553 มีจำนวน 6 รัง สำหรับฤดูวางไข่นี้ถือได้ว่าเป็นปรากฏการณ์ที่เต่ามะเฟืองขึ้นวางไข่มากกว่าสถิติที่เคยมีการบันทึกไว้ 9 รังในฤดูวางไข่ 2542 หรือเมื่อ 20 ปีมาแล้ว

อย่างไรก็ตาม ปัจจุบันเต่ามะเฟืองตกอยู่ในสถานะใกล้สูญพันธุ์ สาเหตุสำคัญก็เนื่องจากผลกระทบจากการทำประมง แหล่งวางไข่ถูกรบกวนจากการขยายตัวของธุรกิจท่องเที่ยว การลักลอบเก็บไข่เต่า และขยะทะเล

โดยหน้าที่อนุรักษ์ ในค่ำวันที่ 27 มี.ค. ลูกเต่ามะเฟืองเกือบ 50 ตัว ฟักออกจากไข่และพากันคลานลงทะเลที่อุทยานแห่งชาติเขาลำปี-หาดท้ายเหมือง สร้างความยินดีแก่เจ้าหน้าที่อุทยานฯ ที่เฝ้าดูแลปกป้องไข่เต่ามะเฟือง 105 ฟอง มาเกือบ 2 เดือน นับตั้งแต่แม่เต่าขึ้นมาวางไข่บนชายหาดหลังวิทยาลัยการอาชีพท้ายเหมืองเมื่อ 31 ม.ค.

เพื่อความปลอดภัย เจ้าหน้าที่ได้ย้ายไข่เต่าทั้งหมดมาเพาะฟักบริเวณที่ทำการอุทยานฯ ลูกเต่าสองตัวแรกฟักออกจากไข่เมื่อ 26 มี.ค. จนถึงวันที่ 28 มี.ค. มีลูกเต่าฟักเป็นตัวและกลับลงสู่ทะเลทั้งสิ้น 84 ตัว อัตราการรอดนับว่าสูงพอสมควร

เต่ามะเฟืองเป็นเต่าทะเ",https://news.trueid.net/detail/ljX5G1AZQ3dp
24,ลูกเต่ามะเฟืองหาดไม้ขาวเริ่มฟักออกจากรังแล้ว 2 ตัวคาดขึ้นเพิ่มช่วงค่ำ,"เมื่อเวลาประมาณ 05.00 น. วันที่ 6 มีนาคม เจ้าหน้าที่ศูนย์ปฏิบัติการอุทยานแห่งชาติทางทะเลที่ 2 จังหวัดภูเก็ต ที่ประจำจุดเฝ้าระวังการเพาะฟักเต่ามะเฟืองหาดไม้ขาว ต.ไม้ขาว อ.ถลาง จ.ภูเก็ต แจ้งว่ามีลูกเต่าขึ้นจากหลุมเพาะฟักจำนวน 2 ตัว จึงทำการเปิดคอกปล่อยให้ลูกเต่าเดินกลับสู่ทะเล จากนี้อุทยานแห่งชาติสิรินาถ และศูนย์ปฏิบัติการฯ จะเฝ้าระวังตลอดทั้งวัน เนื่องจากอาจมีลูกเต่าขึ้นจากหลุมในช่วงที่อากาศร้อนจัด และเป็นอันตรายต่อลูกเต่า จึงได้จัดเตรียมถังน้ำหุ้มด้วยผ้านิ่มไว้รองรับลูกเต่าที่อาจขึ้นมาจากหลุม และใช้ตาข่ายพรางแสงปิดบริเวณหลุมไข่เพื่อลดอุณหภูมิพร้อมทำการพ่นสเปรย์ละอองน้ำทุกชั่วโมง คาดการณ์ว่าลูกเต่าจะฟักและขึ้นจากหลุมในช่วงค่ำวันนี้







สำหรับไข่เต่ามะเฟืองจุดดังกล่าว อยู่ที่หาดไม้ขาว ในพื้นที่อุทยานแห่งชาติสิรินาถฯ โดยเจ้าหน้าที่พบร่องรอยแม่เต่าขึ้นวางไข่ เมื่อวันที่ 12 มกราคม 2564 ที่ผ่านมา แต่คาดว่าแม่เต่าขึ้นวางไข่ก่อนวันที่พบร่องรอย เนื่องจากรอยที่พบเป็นรอยเก่า แต่ไม่ทราบแน่ชัดว่าก่อนพบกี่วัน ทำการกันพื้นที่และให้เจ้าหน้าที่ทำการเฝ้าระวังการเพาะฟัก โดยหากนับตั้งแต่วันที่พบ เป็นวันที่ 55",https://news.trueid.net/detail/68Q1Ak4RayR8
25,ไหม้ซะแล้ว! คูหาเลือกตั้งวัดท่ามะเฟืองวอด วัดที่เคยเป็นข่าวดัง ไร้คนจองกฐิน,"ไฟไหม้วอด คูหาเลือกตั้ง อบจ.ราชบุรี ในวัดท่ามะเฟือง อุปกรณ์เสียหายทั้งหมด เผยวัดเคยเป็นข่าวดัง หลังไม่มีคนจองกฐิฯ จนคนแห่ทำบุญกว่า 30 ล้านบาท

วันที่ 19 ธ.ค.63 พ.ต.ท.จิตรกร รอดทวีผล สารวัตร (สอบสวน) สภ.เมืองราชบุรี ได้รับแจ้งเหตุไฟไหม้หน่วยเลือกตั้งที่อยู่ภายในวัดท่ามะเฟือง หมู่ 3 ต.อ่างทอง อ.เมือง จ.ราชบุรี จึงประสานขอรถน้ำดับเพลิงจากเทศบาลตำบลห้วยชินสีห์ หน่วยงานทหารจากกรมสรรพาวุธทหารบก และชมรมอาสาสมัครบรรเทาสาธารณภัยภาคตะวันตก ก่อนรุดไปตรวจสอบพร้อมเจ้าหน้าที่มูลนิธิปฐมบรมราชานุสรณ์


อ่านข่าว ยอดทะลุ16ล้าน! เจ้าอาวาสอาพาธร่ำไห้ แห่ช่วยทำบุญวัดไร้โยมจองกฐิน เตือนโจรชั่วโผล่มั่วบัญชี
อ่านข่าว คาดยอดทะลุ 25 ล้าน! ศาสนิกชน แห่ร่วมบุญวัดท่ามะเฟือง หลังไร้โยมจองกฐิน รถติดหนึบ
อ่านข่าว ตั้งกรรมการ จัดการเงินทอดกฐิน32ล้าน วัดท่ามะเฟือง หลังสมภารอาพาธ


ที่เกิดเหตุพบกลุ่มควันพวยพุ่งออกมาจากศาลาญาณภัทราประชารังสรรค์ ซึ่งด้านในนั้นจัดเป็นหน่วยเลือกตั้ง เขต 6 ต.อ่างทอง เจ้าหน้าที่ต้องฉีดน้ำเข้าไปสกัดไฟที่กำลังลุกไหม้อยู่ด้านใน ใช้เวลานานกว่า 30 นาที จึงสามารถควบคุมเพลิงไว้ได้

จากการตรวจสอบภายในศาลา พบว่าคูหาเลือกตั้ง รวมทั้งโต๊ะ เก้าอี้ ที่มีการจัดไว้สำหรับเลือกตั้ง นายก อบจ. และส.อบจ. ในวันพรุ่งนี้ (20 ธ.ค.) ได้รับความเสียหายทั้งหมด เจ้าหน้าที่ต้องช่วยกันนำข้าวของบางส่วนที่ไม่ถูกไฟไหม้ ออกมาจัดหน่วยเลือกตั้งด้านนอกศาลา โดยจะนำเต็นท์มากางชั่วคราวไปก่อน

จากการสอบถาม นายกิตติ โค้วถาวร ผู้ใหญ่บ้านหมู่ 3 ต.อ่างทอง ทราบว่า วัดท่ามะเฟือง เป็นวัดที่เคยเป็นข่าวโด่งดัง ในกรณีที่ไม่มีญาติโยมมาจองทอดกฐิน ในช่วงเทศกาลงานกฐิน หลังออกพรรษาที่ผ่านมา จนมีผู้นำไปโพสต์ขอความช่วยเหลือ และมีการแชร์เรื่องราวดังกล่าวออกไป จนมีผู้มาร่วมจองกฐินและมาร่วมทำบุญได้เงินมากกว่า 32 ล้านบาท

และในช่วงที่จะจัดให้มีการเลือกตั้งนายก อบจ. และ สอบจ. ทางกกต.จ.ราชบุรี ก็ได้ใช้ศาลาแห่งนี้ให้เป็นหน่วยเลือกตั้งเขต 6 ของ ต.อ่างทอง และในช่วงที่เกิดเหตุก็ได้มีการปิดศาลาไว้ แต่จู่ๆ ก็ได้รับแจ้งจากทางพระที่วัดท่ามะเฟืองว่า น่าจะมีไฟลุกไหม้ในศาลา เนื่องจากมีกลุ่มควันออกมา จึงได้รีบประสานขอรถน้ำดับเพลิง พร้อมกับแจ้งเจ้าหน้าที่ให้มาตรวจสอบดังกล่าว

เบื้องต้นเจ้าหน้าที่คาดว่าน่าจะเกิดจากไฟฟ้าลัดวงจร เนื่องจากไม่มีใครอยู่ในสถานที่เกิดเหตุ ซึ่งทางเจ้าหน้าที่พิสูจน์หลักฐานจะได้เข้าตรวจสอบหาสาเหตุที่ทำให้เกิดไฟไหม้ที่แท้จริงต่อไปด้วย",https://news.trueid.net/detail/arm2gnJW6OZV
26,ชาวบ้านรีบแจ้ง จนท. พบแม่เต่ามะเฟืองขึ้นวางไข่รังที่ 3 ของฤดูกาล บริเวณหาดบางขวัญ,"เมื่อวันที่ 10 พฤศจิกายน ผู้สื่อข่าวรายงานว่า ศูนย์ปฏิบัติการอุทยานแห่งชาติทางทะเลที่ 2 จังหวัดภูเก็ต ได้รับแจ้งจากนายสมยศ เสาเวียง ชาวบ้านท่านุ่น ต.โคกกลอย อ.ตะกั่วทุ่ง จ.พังงา แจ้งพบการขึ้นวางไข่ของเต่ามะเฟือง บริเวณชายหาดบางขวัญ ขณะกำลังลาดตระเวนชายหาด เจ้าหน้าที่ศูนย์ฯเข้าตรวจสอบพบชาวบ้านสามารถบันทึกภาพแม่เต่ามะเฟืองกำลังเดินลงทะเลหลังวางไข่เสร็จ ซึ่งจุดที่พบห่างจากหลุมแรกที่เต่ามะเฟืองขึ้นวางไข่เป็นรังแรกเมื่อวันที่ 1 ต.ค.63 ขึ้นมาทางทิศเหนือ ประมาณ 10 เมตร ร่องรอยที่พบมีความกว้างของอก 105 ซม. ความกว้างพาย 190 ซม. ระยะทางจากรอยขึ้นถึงชายน้ำ 13.8 เมตร เจ้าหน้าที่จึงทำการถ่ายภาพ และบันทึกข้อมูล เพื่อเก็บรวมรวมข้อมูล

สำหรับการจัดการหลังจากนี้ ทางกรมทรัพยากรทางทะเลและชายฝั่งจะเป็นผู้ดำเนินการในพื้นที่รับผิดชอบ โดยขณะนี้เข้าสู่ช่วงฤดูกาลวางไข่ของเต่ามะเฟือง และนับเป็นรังที่ 3 ของ",https://news.trueid.net/detail/dxZWq7zdaY19
27,อลังการรอยแม่เต่ามะเฟือง ขึ้นวางไข่รังที่ 12 หาดบางขวัญ จ.พังงา พบเป็นไข่ดี 96 ฟอง,"เมื่อวันที่ 28​ ธันวาคม ผู้สื่อข่าวรายงานว่า สำนักงานทรัพยากรทางทะเลและชายฝั่งที่ 6 โดยส่วนส่งเสริมและประสานงานเครือข่ายทรัพยากรทางทะเลและชายฝั่ง และศูนย์อนุรักษ์ทรัพยากรป่าชายเลนที่ 10​ (ตะกั่วป่า พังงา) ได้รับแจ้งจากเวรเฝ้าระวังฯ หาดบางขวัญ ว่า นายสมพงษ์ จิตรชำนาญ และนายสมยศ เสาเวียง ชาวบ้านท่านุ่น พบเต่ามะเฟืองขึ้นมาวางไข่ บริเวณหาดบางขวัญ ตำบลโคกกลอย อำเภอตะกั่วทุ่ง จังหวัดพังงา จึงร่วมกันตรวจสอบพื้นที่ดังกล่าว บริเวณพิกัด 421045 E 908197 N (ห่างจากคอกเต่ามะเฟืองศูนย์เฝ้าระวังฯ หาดบางขวัญ ไปทางทิศเหนือ ประมาณ 720 เมตร)

ผู้สื่อข่าวรายงานว่า เจ้าหน้าที่สามารถตรวจวัดขนาดพายซ้ายไปพายขวาได้ 210 ซม. ขนาดอก 100 ซม. ทำการบินถ่ายภาพทางอากาศจากโดรน และขุดค้นหาไข่เต่ามะเฟือง จนพบที่ขนาดความลึก 70 ซม. ตรวจสอบตำแหน่งที่วางไข่ พบว่าอยู่ในแนวที่น้ำทะเลมีโอกาสท่วมถึง จึงขุดตรวจนับไข่เต่ามะเฟือง พบว่าเป็นไข่ดี 96 ฟอง ไข่ลม 34 ฟอง รวมทั้งสิ้น 130 ฟอง เคลื่อนย้ายนำไปฝังไว้ที่คอกเต่าศูนย์เฝ้าระวังฯ หาดบางขวัญ​ (รังที่ 1 ) ทำการติดตั้งเครื่องวัดอุณหภูมิ เพื่อติดตามพัฒนาการ และเฝ้าดูแลให้เป็นไปตามหลักวิชาการ มีอัตราการฟักสูง และปล่อยลูกเต่ามะเฟืองลงสู่ทะเลได้อย่างปลอดภัยต่อไป



ด้าน ดร.ธรณ์ ธำรงนาวาสวัสดิ์ ผู้เชี่ยวชาญด้านนิเวศทางทะเล และรองคณบดี คณะประมง มหาวิทยาลัยเกษตรศาสตร์ ระบุผ่านเฟซบุ๊ก Thon Thamrongnawasawat ถึงกรณีดังกล่าว พร้อมแชร์ภาพรอยแม่เต่ามะเฟืองขนาดใหญ่ ซึ่งเป็นภาพจากกรมอุทยานฯ ว่า เช้าๆ ใกล้ปีใหม่แบบนี้จะมีอะไรดีไปกว่าภาพรอยเต่ายักษ์บุกหาดบางขวัญ แม่เต่ามะเฟืองขึ้นมาวางไข่รังที่ 12 เมื่อเช้าตรู่วันนี้ เลือกภาพนี้มาให้ดู เพราะมันสุดปัง รอยใหญ่จริงๆ ถ้าไม่บอกคิดว่าพญานาคเลื้อยผ่านมามอบตัวเลขเป็นของขวัญปีใหม่ให้กับชนชาวไทยที่หน้าเหี่ยวแห้งลงทุกวัน

ดร.ธรณ์กล่าวว่า ชาวบ้านพบตัวครับ แม่เต่ารายนี้มีแผลเล็กๆ ที่โคนขา แต่หาเบตาดีนใส่ให้ไม่ทัน จะอย่างไรก็ตาม แผลแค่นั้นคงไม่มีปัญหาอะไรมาก พิสูจน์ได้โดยแม่เต่าขึ้นมาหลายหนแล้ว รังที่ 9 ก็เป็นฝีมือออเจ้าเช่นกัน จุดวางไข่ห่างรังแรก 700+ เมตร คาดว่าแม่เต่าฉลองหนักจึงพลาดท่าว่ายน้ำเป๋ไปมาไม่ตรงจุด เสียแรงที่คอยเชียร์มาตลอด

เนื่องจากใกล้แนวน้ำ เจ้าหน้าที่กรมทะเลย้ายไข่แล้ว มีไข่ดี 96 ฟอง น่าจะได้ลูกเต่าอย่างน้อย 5 โหล ถึงตอนนี้ ลูกเต่าลงทะเลไปแล้ว 72 ตัว ปีใหม่น่าจะมีแก๊งสองตามไป เพราะอยู่มา 57 วันแล้วจ้ะ ตามตำราคือ 60 วัน ผมตั้งชื่อไว้แล้วว่าน้องสิ้นปี แต่ที่ต้องร่วมลุ้นคือสถิติจะถูกทำลายหรือไม่? ซีซั่นก่อน 13 รัง ซีซั่นนี้ 12 รังแล้วจ้า อย่าลืมหน้ากากกับโซเชียลดิสแทนซ์นะจ๊ะคุณแม่เต่า ดร.ธรณ์กล่าว



",https://news.trueid.net/detail/jBPlzqZ4oVZB
28,ทช. เผยประชาชนงดเที่ยวทะเลช่วงโควิด ทำชายหาดภูเก็ต-พังงาสะอาด เต่ามะเฟืองกลับมาวางไข่มากขึ้น,"
เมื่อวันที่ 15 เมษายน นายโสภณ ทองดี อธิบดีกรมทรัพยากรทางทะเลและชายฝั่ง(ทช.) เปิดเผยว่า ในช่วงที่ผ่านมาเราจะพบแม่เต่ามะเฟืองขึ้นวางไข่ตามแนวชายฝั่งอันดามัน จ.ภูเก็ต และ จ.พังงา รวมทั้งสิ้น 11 รัง ก่อนที่ลูกเต่ามะเฟืองจะทยอยฟักออกมาและพากันคลานลงสู่ทะเลตรงกับช่วงที่โรคโควิด-19 กำลังระบาดหนักไปทั่วประเทศ ลูกเต่ามะเฟืองเกิดใหม่ในฤดูนี้มีปริมาณมากกว่าฤดูไหนๆ ในรอบกว่าสองทศวรรษ

สำหรับปรากฏการณ์ฤดูวางไข่ ตั้งแต่กลางเดือนพฤศจิกายน 2562 ที่มีรายงานว่าพบแม่เต่ามะเฟือง 4  5 ตัว ขึ้นวางไข่ 4 พื้นที่ ได้แก่ หาดบ่อดาน อ.ท้ายเหมือง จ.พังงา หาดท้ายเหมือง อ.ท้ายเหมือง จ.พังงา เกาะคอเขา อ.ตะกั่วป่า จ.พังงา และหาดทรายแก้ว  หาดไม้ขาว  หาดในทอน อ.ถลาง จ.ภูเก็ต รวมทั้งหมด 11 รัง (ถูกขโมย 1 รัง) แต่ละรังมีไข่ประมาณ 60- 120 ฟอง โดยรังแรกเกิดขึ้นเมื่อ 17 พฤศจิกายน 2562 และรังสุดท้ายเกิดขึ้น 10 กุมภาพันธ์ 2563 ระยะเวลาฟักไข่จะอยู่ในช่วง 54  65 วัน ขึ้นอยู่กับอุณหภูมิของหลุมทราย แม่เต่ามะเฟืองจะขุดหลุมฝังไข่บริเวณชายหาดอันเงียบสงบ ที่น้ำทะเลท่วมไม่ถึง

จากนั้นจึงคลานลงสู่ทะเล ปล่อยให้ลูกเต่าฟักออกมาเป็นตัวเพียงลำพัง โดยทั่วไปจะใช้ระยะเวลาในการฟักตัวประมาณ 55  60 วัน ในระหว่างนี้อุณหภูมิจะเป็นตัวแปรที่สำคัญต่ออัตราการฟัก ระยะเวลาที่ใช้ฟัก และที่สำคัญเป็นตัวกำหนดเพศของลูกเต่า

โดยทั่วไปสัดส่วนของลูกเต่าเพศเมียจะมีมากขึ้นเมื่ออุณหภูมิในหลุมฟักไข่สูงขึ้น ลูกเต่าที่ฟักออกเป็นตัวจะยังคงอยู่ในหลุมฟักไข่อีก 1  2 วัน เพื่อรอให้ไข่ฟองที่เหลือฟักตัวออกมา จากนั้นจึงอาศัยในช่วงเวลากลางคืนเพื่อคลานออกมาจากหลุมพร้อมๆ กัน ก่อนมุ่งหน้าลงสู่ทะเลลูกเต่าแรกเกิดยังคงมีถุงไข่แดงจำนวนหนึ่งอยู่บริเวณท้อง ลูกเต่าจะใช้ไข่แดงที่เหลืออยู่นี้เป็นแหล่งพลังงานในการว่ายน้ำอย่างไม่หยุดหย่อน เพื่อหลบหนีศัตรูตามธรรมชาติอันมีมากมายบริเวณชายฝั่งมุ่งออกทะเลลึก เต่ามะเฟืองซึ่งใช้เวลาเกือบทั้งชีวิตหากินในบริเวณทะเลลึกไกลจากฝั่ง และจะเข้ามาชายฝั่งอีกครั้งเพื่อการผสมพันธุ์และวางไข่



นายโสภณ กล่าวว่า ปัจจุบันเต่ามะเฟืองตกอยู่ในสถานะใกล้สูญพันธุ์ ซึ่งสาเหตุสำคัญก็เนื่องจากผลกระทบจากการทำประมง แหล่งวางไข่ถูกรบกวนจากการขยายตัวของธุรกิจท่องเที่ยว การลักลอบเก็บไข่เต่า และขยะทะเล ซึ่งที่ผ่านมารัฐมนตรีว่าการกระทรวงทรัพยากรธรรมชาติและสิ่งแวดล้อม (นายวราวุธ ศิลปอาชา) ได้กำชับให้กรมทรัพยากรทางทะเลและชายฝั่ง และกรมอุทยานแห่งชาติ สัตว์ป่า และพันธุ์พืช จัดเวรยามเฝ้าระวังเพื่อความปลอดภัย

พร้อมจัดทีมนักวิชาการลงพื้นที่ และติดตั้งระบบติดตามเฝ้าระวังตลอด 24 ชั่วโมง เพื่อวิเคราะห์และวางมาตรการดูแลเต่ามะเฟืองให้ดีที่สุด รวมทั้งหาวิธีให้ประชาชนรับทราบข่าวและสามารถติดตามความเคลื่อนไหวได้ เช่นเดียวกับกรณี น้องพะยูน และมาเรียม เพราะว่าหากปล่อยให้มีการชมหรือเข้าถึงอย่างใกล้ชิด อาจจะเกิดการรบกวนหรือทำให้การฟักตัวไม่สมบูรณ์ก็เป็นได้ นอกจากเต่ามะเฟืองแล้ว กระทรวงทรัพยากรธรรมชาติและสิ่งแวดล้อม (ทส.) ได้ให้ความสำคัญกับสัตว์ป่าสงวน รวมถึงสัตว์ทะเลหายากทุกชนิด โดยเตรียมหามาตรการและประสานความร่วมมือทั้งจากหน่วยงานภาครัฐ ภาคเอกชน รวมถึงสร้างเครือข่ายภาคประชาชน ให้ช่วยกันสอดส่องและดูแลทรัพยากรธรรมชาติเหล่านี้ให้คงอยู่ต่อไป
สำหรับการกลับมาของแม่เต่ามะเฟืองและสัตว์ทะเลหายากในช่วงนี้ เป็นเครื่องพิสูจน์ที่ดีว่า มาตรการอนุรักษ",https://news.trueid.net/detail/KNzvbVnWD2zN
29,แม่เต่ามะเฟืองขึ้นวางไข่นอกฤดูครั้งที่ 2 ในคืนวันเข้าพรรษาที่หาดท้ายเหมือง นับไข่ได้ 100 ฟอง,พังงา-แม่เต่ามะเฟืองขึ้นวางไข่นอกฤดูครั้งที่ 2 ในคืนวันเข้าพรรษาที่หาดท้ายเหมือง นับได้ 100 ฟองวันที่ 7 กรกฎาคม 2563  นายหฤษฎ์ชัย ฤทธิช่วย หัวหน้าอุทยานแห่งชาติเขาลำปี-หาดท้ายเหมือง จ.พังงา เปิดเผยว่า เมื่อเวลาประมาณ 05.30 น.ที่ผ่านมา เจ้าหน้าที่อุทยานฯ ได้รับแจ้งจากนายโรม แสงแก้ว ชาวประมงพื้นบ้านในตำบลท้ายเหมืองว่า พบร่องรอยการขึ้นมาวางไข่ของเต่าทะเลบนชายหาดท้ายเหมือง บริเวณทิศใต้ของเขาหน้ายักษ์ ในเขตอุทยานแห่งชาติเขาลำปี-หาดท้ายเหมืออง จึงประสานงานไปยังนายปรารพ แปลงงาน ผอ.ศูนย์ปฏิบัติการอุทยานแห่งชาติทางทะเลที่ 2 จังหวัดภูเก็ต และนายก้องเกียรติ กิตติวัฒนาวงศ์ ผอ.ศูนย์วิจัยทรัพยากรทางทะเลและชายฝั่งทะเลอันดามันตอนบน รีบเข้าตรวจสอบในพื้นที่พบร่องรอยการขึ้นมาวางไข่ของเต่าทะเลที่บริเวณพิกัด E0413616 N0942550 ซึ่งพื้นที่ดังกล่าวอยู่ห่างจากเขาหน้ายักษ์มาทางทิศใต้ประมาณ 2 กม. และห่างจากหลุมไข่เดิมที่แม่เต่าขึ้นมาวางไข่เมื่อวันที่ 1 กรกฎาคม 263 ประมาณ 1.5 กม. จากการพิจารณาแล้วคาดว่ารอยดังกล่าวเป็นร่องรอยของเต่า,https://news.trueid.net/detail/3964QD3byDqe
